Kind,Subsystem,Instance,ComponentModel,Category,Parameter,ExcelValue,Unit,UseDefault,ResolvedValue,ResolvedSIValue,ConfigKey,ModelicaTarget,ChangedFromDefault
Component,EPS,battery,Components.BatteryUnit,Functional,SeriesCellCount,4,1,True,4.0,4.0,SpacecraftDesignConfig.eps.battery.SeriesCellCount,Components.BatteryUnit.cells.Ns,False
Component,EPS,battery,Components.BatteryUnit,Functional,ParallelCellCount,2,1,True,2.0,2.0,SpacecraftDesignConfig.eps.battery.ParallelCellCount,Components.BatteryUnit.cells.Np,False
Component,EPS,battery,Components.BatteryUnit,Functional,CellCapacity_Ah,8.5,Ah,True,30600.0,30600.0,SpacecraftDesignConfig.eps.battery.CellCapacity_Ah,Components.BatteryUnit.cellData.Qnom,False
Component,EPS,battery,Components.BatteryUnit,Electrical,CellOCVMax,4.2,V,True,4.2,4.2,SpacecraftDesignConfig.eps.battery.CellOCVMax,Components.BatteryUnit.cellData.OCVmax,False
Component,EPS,battery,Components.BatteryUnit,Electrical,CellOCVMin,3.2,V,True,3.2,3.2,SpacecraftDesignConfig.eps.battery.CellOCVMin,Components.BatteryUnit.cellData.OCVmin,False
Component,EPS,battery,Components.BatteryUnit,Electrical,CellInternalResistance,0.018,Ω,True,0.018,0.018,SpacecraftDesignConfig.eps.battery.CellInternalResistance,Components.BatteryUnit.cellData.Ri,False
Component,EPS,battery,Components.BatteryUnit,Functional,CellSOCMin,0.08,1,True,0.08,0.08,SpacecraftDesignConfig.eps.battery.CellSOCMin,Components.BatteryUnit.cellData.SOCmin,False
Component,EPS,battery,Components.BatteryUnit,Functional,CellSOCMax,0.98,1,True,0.98,0.98,SpacecraftDesignConfig.eps.battery.CellSOCMax,Components.BatteryUnit.cellData.SOCmax,False
Component,EPS,battery,Components.BatteryUnit,Life,EOLCapacityFactor,0.85,1,True,0.85,0.85,SpacecraftDesignConfig.eps.battery.EOLCapacityFactor,Components.BatteryUnit.batteryEOLCapacityFactor,False
Component,EPS,battery,Components.BatteryUnit,Configuration,UseEOLCapacity,False,Boolean,True,False,False,SpacecraftDesignConfig.eps.battery.UseEOLCapacity,Components.BatteryUnit.useEOLCapacity,False
Component,EPS,battery,Components.BatteryUnit,Electrical,ContactResistance,0.012,Ω,True,0.012,0.012,SpacecraftDesignConfig.eps.battery.ContactResistance,Components.BatteryUnit.contact.R,False
Component,EPS,battery,Components.BatteryUnit,Electrical,HeaterResistance,110,Ω,True,110.0,110.0,SpacecraftDesignConfig.eps.battery.HeaterResistance,Components.BatteryUnit.batteryHeaterResistance,False
Component,EPS,battery,Components.BatteryUnit,Thermal,CellHeatCapacity,3200,J/K,True,3200.0,3200.0,SpacecraftDesignConfig.eps.battery.CellHeatCapacity,Components.BatteryUnit.cellThermalMass.C,False
Component,EPS,battery,Components.BatteryUnit,Thermal,EnclosureHeatCapacity,700,J/K,True,700.0,700.0,SpacecraftDesignConfig.eps.battery.EnclosureHeatCapacity,Components.BatteryUnit.enclosureThermalMass.C,False
Component,EPS,battery,Components.BatteryUnit,Thermal,InternalThermalConductance,0.65,W/K,True,0.65,0.65,SpacecraftDesignConfig.eps.battery.InternalThermalConductance,Components.BatteryUnit.internalPath.G,False
Component,EPS,battery,Components.BatteryUnit,Thermal,MountThermalConductance,0.12,W/K,True,0.12,0.12,SpacecraftDesignConfig.eps.battery.MountThermalConductance,Components.BatteryUnit.mountPath.G,False
Component,EPS,battery,Components.BatteryUnit,Mechanical,Mass,2.35,kg,True,2.35,2.35,SpacecraftDesignConfig.eps.battery.Mass,Components.BatteryUnit.housing.m,False
Component,EPS,battery,Components.BatteryUnit,Mechanical,RCM_X,0,m,True,0.0,0.0,SpacecraftDesignConfig.eps.battery.RCM_X,Components.BatteryUnit.housing.r_CM[1],False
Component,EPS,battery,Components.BatteryUnit,Mechanical,RCM_Y,0,m,True,0.0,0.0,SpacecraftDesignConfig.eps.battery.RCM_Y,Components.BatteryUnit.housing.r_CM[2],False
Component,EPS,battery,Components.BatteryUnit,Mechanical,RCM_Z,0,m,True,0.0,0.0,SpacecraftDesignConfig.eps.battery.RCM_Z,Components.BatteryUnit.housing.r_CM[3],False
Component,EPS,battery,Components.BatteryUnit,Mechanical,Inertia_XX,0.018,kg·m²,True,0.018,0.018,SpacecraftDesignConfig.eps.battery.Inertia_XX,Components.BatteryUnit.housing.I_11,False
Component,EPS,battery,Components.BatteryUnit,Mechanical,Inertia_YY,0.011,kg·m²,True,0.011,0.011,SpacecraftDesignConfig.eps.battery.Inertia_YY,Components.BatteryUnit.housing.I_22,False
Component,EPS,battery,Components.BatteryUnit,Mechanical,Inertia_ZZ,0.016,kg·m²,True,0.016,0.016,SpacecraftDesignConfig.eps.battery.Inertia_ZZ,Components.BatteryUnit.housing.I_33,False
Component,EPS,solarArrayPlusX,Components.BodyMountedSolarArrayPlusXUnit,Functional,ActiveArea,0.069156,m²,True,0.069156,0.069156,SpacecraftDesignConfig.eps.solarArrayPlusX.ActiveArea,Components.BodyMountedSolarArrayPlusXUnit.activeArea,False
Component,EPS,solarArrayPlusX,Components.BodyMountedSolarArrayPlusXUnit,Functional,CellEfficiency,0.32,1,True,0.32,0.32,SpacecraftDesignConfig.eps.solarArrayPlusX.CellEfficiency,Components.BodyMountedSolarArrayPlusXUnit.cellEfficiency,False
Component,EPS,solarArrayPlusX,Components.BodyMountedSolarArrayPlusXUnit,Life,SolarEOLFactor,0.85,1,True,0.85,0.85,SpacecraftDesignConfig.eps.solarArrayPlusX.SolarEOLFactor,Components.BodyMountedSolarArrayPlusXUnit.solarEOLFactor,False
Component,EPS,solarArrayPlusX,Components.BodyMountedSolarArrayPlusXUnit,Configuration,UseSolarEOL,False,Boolean,True,False,False,SpacecraftDesignConfig.eps.solarArrayPlusX.UseSolarEOL,Components.BodyMountedSolarArrayPlusXUnit.useSolarEOL,False
Component,EPS,solarArrayPlusX,Components.BodyMountedSolarArrayPlusXUnit,Electrical,MPPTDeliveryEfficiency,0.965,1,True,0.965,0.965,SpacecraftDesignConfig.eps.solarArrayPlusX.MPPTDeliveryEfficiency,Components.BodyMountedSolarArrayPlusXUnit.etaMPPT,False
Component,EPS,solarArrayPlusX,Components.BodyMountedSolarArrayPlusXUnit,Thermal,SolarAbsorptivity,0.9,1,True,0.9,0.9,SpacecraftDesignConfig.eps.solarArrayPlusX.SolarAbsorptivity,Components.BodyMountedSolarArrayPlusXUnit.panelSolarAbsorptivity,False
Component,EPS,solarArrayPlusX,Components.BodyMountedSolarArrayPlusXUnit,Thermal,InfraredAbsorptivity,0.85,1,True,0.85,0.85,SpacecraftDesignConfig.eps.solarArrayPlusX.InfraredAbsorptivity,Components.BodyMountedSolarArrayPlusXUnit.panelInfraredAbsorptivity,False
Component,EPS,solarArrayPlusX,Components.BodyMountedSolarArrayPlusXUnit,Thermal,Emissivity,0.85,1,True,0.85,0.85,SpacecraftDesignConfig.eps.solarArrayPlusX.Emissivity,Components.BodyMountedSolarArrayPlusXUnit.panelEmissivity,False
Component,EPS,solarArrayPlusX,Components.BodyMountedSolarArrayPlusXUnit,Thermal,MountConductance,0.25,W/K,True,0.25,0.25,SpacecraftDesignConfig.eps.solarArrayPlusX.MountConductance,Components.BodyMountedSolarArrayPlusXUnit.panelMountConductance,False
Component,EPS,solarArrayPlusX,Components.BodyMountedSolarArrayPlusXUnit,Electrical,HarnessResistance,0.06,Ω,True,0.06,0.06,SpacecraftDesignConfig.eps.solarArrayPlusX.HarnessResistance,Components.BodyMountedSolarArrayPlusXUnit.blockingHarness.R,False
Component,EPS,solarArrayPlusX,Components.BodyMountedSolarArrayPlusXUnit,Thermal,PanelHeatCapacity,510,J/K,True,510.0,510.0,SpacecraftDesignConfig.eps.solarArrayPlusX.PanelHeatCapacity,Components.BodyMountedSolarArrayPlusXUnit.panelThermalMass.C,False
Component,EPS,solarArrayPlusX,Components.BodyMountedSolarArrayPlusXUnit,Mechanical,Normal_X,1,1,True,1.0,1.0,SpacecraftDesignConfig.eps.solarArrayPlusX.Normal_X,Components.BodyMountedSolarArrayPlusXUnit.panelNormalBody[1],False
Component,EPS,solarArrayPlusX,Components.BodyMountedSolarArrayPlusXUnit,Mechanical,Normal_Y,0,1,True,0.0,0.0,SpacecraftDesignConfig.eps.solarArrayPlusX.Normal_Y,Components.BodyMountedSolarArrayPlusXUnit.panelNormalBody[2],False
Component,EPS,solarArrayPlusX,Components.BodyMountedSolarArrayPlusXUnit,Mechanical,Normal_Z,0,1,True,0.0,0.0,SpacecraftDesignConfig.eps.solarArrayPlusX.Normal_Z,Components.BodyMountedSolarArrayPlusXUnit.panelNormalBody[3],False
Component,EPS,solarArrayPlusX,Components.BodyMountedSolarArrayPlusXUnit,Mechanical,Mass,0.28,kg,True,0.28,0.28,SpacecraftDesignConfig.eps.solarArrayPlusX.Mass,Components.BodyMountedSolarArrayPlusXUnit.panelBody.m,False
Component,EPS,solarArrayPlusX,Components.BodyMountedSolarArrayPlusXUnit,Mechanical,RCM_X,0.113,m,True,0.113,0.113,SpacecraftDesignConfig.eps.solarArrayPlusX.RCM_X,Components.BodyMountedSolarArrayPlusXUnit.panelBody.r_CM[1],False
Component,EPS,solarArrayPlusX,Components.BodyMountedSolarArrayPlusXUnit,Mechanical,RCM_Y,0,m,True,0.0,0.0,SpacecraftDesignConfig.eps.solarArrayPlusX.RCM_Y,Components.BodyMountedSolarArrayPlusXUnit.panelBody.r_CM[2],False
Component,EPS,solarArrayPlusX,Components.BodyMountedSolarArrayPlusXUnit,Mechanical,RCM_Z,0,m,True,0.0,0.0,SpacecraftDesignConfig.eps.solarArrayPlusX.RCM_Z,Components.BodyMountedSolarArrayPlusXUnit.panelBody.r_CM[3],False
Component,EPS,solarArrayPlusX,Components.BodyMountedSolarArrayPlusXUnit,Mechanical,Inertia_XX,0.003889,kg·m²,True,0.003889,0.003889,SpacecraftDesignConfig.eps.solarArrayPlusX.Inertia_XX,Components.BodyMountedSolarArrayPlusXUnit.panelBody.I_11,False
Component,EPS,solarArrayPlusX,Components.BodyMountedSolarArrayPlusXUnit,Mechanical,Inertia_YY,0.002697,kg·m²,True,0.002697,0.002697,SpacecraftDesignConfig.eps.solarArrayPlusX.Inertia_YY,Components.BodyMountedSolarArrayPlusXUnit.panelBody.I_22,False
Component,EPS,solarArrayPlusX,Components.BodyMountedSolarArrayPlusXUnit,Mechanical,Inertia_ZZ,0.001192,kg·m²,True,0.001192,0.001192,SpacecraftDesignConfig.eps.solarArrayPlusX.Inertia_ZZ,Components.BodyMountedSolarArrayPlusXUnit.panelBody.I_33,False
Component,EPS,solarArrayPlusY,Components.BodyMountedSolarArrayPlusYUnit,Functional,ActiveArea,0.069156,m²,True,0.069156,0.069156,SpacecraftDesignConfig.eps.solarArrayPlusY.ActiveArea,Components.BodyMountedSolarArrayPlusYUnit.activeArea,False
Component,EPS,solarArrayPlusY,Components.BodyMountedSolarArrayPlusYUnit,Functional,CellEfficiency,0.32,1,True,0.32,0.32,SpacecraftDesignConfig.eps.solarArrayPlusY.CellEfficiency,Components.BodyMountedSolarArrayPlusYUnit.cellEfficiency,False
Component,EPS,solarArrayPlusY,Components.BodyMountedSolarArrayPlusYUnit,Life,SolarEOLFactor,0.85,1,True,0.85,0.85,SpacecraftDesignConfig.eps.solarArrayPlusY.SolarEOLFactor,Components.BodyMountedSolarArrayPlusYUnit.solarEOLFactor,False
Component,EPS,solarArrayPlusY,Components.BodyMountedSolarArrayPlusYUnit,Configuration,UseSolarEOL,False,Boolean,True,False,False,SpacecraftDesignConfig.eps.solarArrayPlusY.UseSolarEOL,Components.BodyMountedSolarArrayPlusYUnit.useSolarEOL,False
Component,EPS,solarArrayPlusY,Components.BodyMountedSolarArrayPlusYUnit,Electrical,MPPTDeliveryEfficiency,0.95,1,True,0.95,0.95,SpacecraftDesignConfig.eps.solarArrayPlusY.MPPTDeliveryEfficiency,Components.BodyMountedSolarArrayPlusYUnit.etaMPPT,False
Component,EPS,solarArrayPlusY,Components.BodyMountedSolarArrayPlusYUnit,Thermal,SolarAbsorptivity,0.9,1,True,0.9,0.9,SpacecraftDesignConfig.eps.solarArrayPlusY.SolarAbsorptivity,Components.BodyMountedSolarArrayPlusYUnit.panelSolarAbsorptivity,False
Component,EPS,solarArrayPlusY,Components.BodyMountedSolarArrayPlusYUnit,Thermal,InfraredAbsorptivity,0.85,1,True,0.85,0.85,SpacecraftDesignConfig.eps.solarArrayPlusY.InfraredAbsorptivity,Components.BodyMountedSolarArrayPlusYUnit.panelInfraredAbsorptivity,False
Component,EPS,solarArrayPlusY,Components.BodyMountedSolarArrayPlusYUnit,Thermal,Emissivity,0.85,1,True,0.85,0.85,SpacecraftDesignConfig.eps.solarArrayPlusY.Emissivity,Components.BodyMountedSolarArrayPlusYUnit.panelEmissivity,False
Component,EPS,solarArrayPlusY,Components.BodyMountedSolarArrayPlusYUnit,Thermal,MountConductance,0.25,W/K,True,0.25,0.25,SpacecraftDesignConfig.eps.solarArrayPlusY.MountConductance,Components.BodyMountedSolarArrayPlusYUnit.panelMountConductance,False
Component,EPS,solarArrayPlusY,Components.BodyMountedSolarArrayPlusYUnit,Electrical,HarnessResistance,0.04235,Ω,True,0.04235,0.04235,SpacecraftDesignConfig.eps.solarArrayPlusY.HarnessResistance,Components.BodyMountedSolarArrayPlusYUnit.equivalentDualHarness.R,False
Component,EPS,solarArrayPlusY,Components.BodyMountedSolarArrayPlusYUnit,Thermal,PanelHeatCapacity,525,J/K,True,525.0,525.0,SpacecraftDesignConfig.eps.solarArrayPlusY.PanelHeatCapacity,Components.BodyMountedSolarArrayPlusYUnit.panelThermalMass.C,False
Component,EPS,solarArrayPlusY,Components.BodyMountedSolarArrayPlusYUnit,Mechanical,Normal_X,0,1,True,0.0,0.0,SpacecraftDesignConfig.eps.solarArrayPlusY.Normal_X,Components.BodyMountedSolarArrayPlusYUnit.panelNormalBody[1],False
Component,EPS,solarArrayPlusY,Components.BodyMountedSolarArrayPlusYUnit,Mechanical,Normal_Y,1,1,True,1.0,1.0,SpacecraftDesignConfig.eps.solarArrayPlusY.Normal_Y,Components.BodyMountedSolarArrayPlusYUnit.panelNormalBody[2],False
Component,EPS,solarArrayPlusY,Components.BodyMountedSolarArrayPlusYUnit,Mechanical,Normal_Z,0,1,True,0.0,0.0,SpacecraftDesignConfig.eps.solarArrayPlusY.Normal_Z,Components.BodyMountedSolarArrayPlusYUnit.panelNormalBody[3],False
Component,EPS,solarArrayPlusY,Components.BodyMountedSolarArrayPlusYUnit,Mechanical,Mass,0.28,kg,True,0.28,0.28,SpacecraftDesignConfig.eps.solarArrayPlusY.Mass,Components.BodyMountedSolarArrayPlusYUnit.panelBody.m,False
Component,EPS,solarArrayPlusY,Components.BodyMountedSolarArrayPlusYUnit,Mechanical,RCM_X,0,m,True,0.0,0.0,SpacecraftDesignConfig.eps.solarArrayPlusY.RCM_X,Components.BodyMountedSolarArrayPlusYUnit.panelBody.r_CM[1],False
Component,EPS,solarArrayPlusY,Components.BodyMountedSolarArrayPlusYUnit,Mechanical,RCM_Y,0.113,m,True,0.113,0.113,SpacecraftDesignConfig.eps.solarArrayPlusY.RCM_Y,Components.BodyMountedSolarArrayPlusYUnit.panelBody.r_CM[2],False
Component,EPS,solarArrayPlusY,Components.BodyMountedSolarArrayPlusYUnit,Mechanical,RCM_Z,0,m,True,0.0,0.0,SpacecraftDesignConfig.eps.solarArrayPlusY.RCM_Z,Components.BodyMountedSolarArrayPlusYUnit.panelBody.r_CM[3],False
Component,EPS,solarArrayPlusY,Components.BodyMountedSolarArrayPlusYUnit,Mechanical,Inertia_XX,0.002697,kg·m²,True,0.002697,0.002697,SpacecraftDesignConfig.eps.solarArrayPlusY.Inertia_XX,Components.BodyMountedSolarArrayPlusYUnit.panelBody.I_11,False
Component,EPS,solarArrayPlusY,Components.BodyMountedSolarArrayPlusYUnit,Mechanical,Inertia_YY,0.003889,kg·m²,True,0.003889,0.003889,SpacecraftDesignConfig.eps.solarArrayPlusY.Inertia_YY,Components.BodyMountedSolarArrayPlusYUnit.panelBody.I_22,False
Component,EPS,solarArrayPlusY,Components.BodyMountedSolarArrayPlusYUnit,Mechanical,Inertia_ZZ,0.001192,kg·m²,True,0.001192,0.001192,SpacecraftDesignConfig.eps.solarArrayPlusY.Inertia_ZZ,Components.BodyMountedSolarArrayPlusYUnit.panelBody.I_33,False
Component,EPS,solarArrayMinusX,Components.BodyMountedSolarArrayMinusXUnit,Functional,ActiveArea,0.06224,m²,True,0.06224,0.06224,SpacecraftDesignConfig.eps.solarArrayMinusX.ActiveArea,Components.BodyMountedSolarArrayMinusXUnit.activeArea,False
Component,EPS,solarArrayMinusX,Components.BodyMountedSolarArrayMinusXUnit,Functional,CellEfficiency,0.32,1,True,0.32,0.32,SpacecraftDesignConfig.eps.solarArrayMinusX.CellEfficiency,Components.BodyMountedSolarArrayMinusXUnit.cellEfficiency,False
Component,EPS,solarArrayMinusX,Components.BodyMountedSolarArrayMinusXUnit,Life,SolarEOLFactor,0.85,1,True,0.85,0.85,SpacecraftDesignConfig.eps.solarArrayMinusX.SolarEOLFactor,Components.BodyMountedSolarArrayMinusXUnit.solarEOLFactor,False
Component,EPS,solarArrayMinusX,Components.BodyMountedSolarArrayMinusXUnit,Configuration,UseSolarEOL,False,Boolean,True,False,False,SpacecraftDesignConfig.eps.solarArrayMinusX.UseSolarEOL,Components.BodyMountedSolarArrayMinusXUnit.useSolarEOL,False
Component,EPS,solarArrayMinusX,Components.BodyMountedSolarArrayMinusXUnit,Electrical,MPPTDeliveryEfficiency,0.96,1,True,0.96,0.96,SpacecraftDesignConfig.eps.solarArrayMinusX.MPPTDeliveryEfficiency,Components.BodyMountedSolarArrayMinusXUnit.etaMPPT,False
Component,EPS,solarArrayMinusX,Components.BodyMountedSolarArrayMinusXUnit,Thermal,SolarAbsorptivity,0.9,1,True,0.9,0.9,SpacecraftDesignConfig.eps.solarArrayMinusX.SolarAbsorptivity,Components.BodyMountedSolarArrayMinusXUnit.panelSolarAbsorptivity,False
Component,EPS,solarArrayMinusX,Components.BodyMountedSolarArrayMinusXUnit,Thermal,InfraredAbsorptivity,0.85,1,True,0.85,0.85,SpacecraftDesignConfig.eps.solarArrayMinusX.InfraredAbsorptivity,Components.BodyMountedSolarArrayMinusXUnit.panelInfraredAbsorptivity,False
Component,EPS,solarArrayMinusX,Components.BodyMountedSolarArrayMinusXUnit,Thermal,Emissivity,0.85,1,True,0.85,0.85,SpacecraftDesignConfig.eps.solarArrayMinusX.Emissivity,Components.BodyMountedSolarArrayMinusXUnit.panelEmissivity,False
Component,EPS,solarArrayMinusX,Components.BodyMountedSolarArrayMinusXUnit,Thermal,MountConductance,0.25,W/K,True,0.25,0.25,SpacecraftDesignConfig.eps.solarArrayMinusX.MountConductance,Components.BodyMountedSolarArrayMinusXUnit.panelMountConductance,False
Component,EPS,solarArrayMinusX,Components.BodyMountedSolarArrayMinusXUnit,Electrical,HarnessResistance,0.065,Ω,True,0.065,0.065,SpacecraftDesignConfig.eps.solarArrayMinusX.HarnessResistance,Components.BodyMountedSolarArrayMinusXUnit.blockingHarness.R,False
Component,EPS,solarArrayMinusX,Components.BodyMountedSolarArrayMinusXUnit,Thermal,PanelHeatCapacity,470,J/K,True,470.0,470.0,SpacecraftDesignConfig.eps.solarArrayMinusX.PanelHeatCapacity,Components.BodyMountedSolarArrayMinusXUnit.panelThermalMass.C,False
Component,EPS,solarArrayMinusX,Components.BodyMountedSolarArrayMinusXUnit,Mechanical,Normal_X,-1,1,True,-1.0,-1.0,SpacecraftDesignConfig.eps.solarArrayMinusX.Normal_X,Components.BodyMountedSolarArrayMinusXUnit.panelNormalBody[1],False
Component,EPS,solarArrayMinusX,Components.BodyMountedSolarArrayMinusXUnit,Mechanical,Normal_Y,0,1,True,0.0,0.0,SpacecraftDesignConfig.eps.solarArrayMinusX.Normal_Y,Components.BodyMountedSolarArrayMinusXUnit.panelNormalBody[2],False
Component,EPS,solarArrayMinusX,Components.BodyMountedSolarArrayMinusXUnit,Mechanical,Normal_Z,0,1,True,0.0,0.0,SpacecraftDesignConfig.eps.solarArrayMinusX.Normal_Z,Components.BodyMountedSolarArrayMinusXUnit.panelNormalBody[3],False
Component,EPS,solarArrayMinusX,Components.BodyMountedSolarArrayMinusXUnit,Mechanical,Mass,0.25,kg,True,0.25,0.25,SpacecraftDesignConfig.eps.solarArrayMinusX.Mass,Components.BodyMountedSolarArrayMinusXUnit.panelBody.m,False
Component,EPS,solarArrayMinusX,Components.BodyMountedSolarArrayMinusXUnit,Mechanical,RCM_X,-0.113,m,True,-0.113,-0.113,SpacecraftDesignConfig.eps.solarArrayMinusX.RCM_X,Components.BodyMountedSolarArrayMinusXUnit.panelBody.r_CM[1],False
Component,EPS,solarArrayMinusX,Components.BodyMountedSolarArrayMinusXUnit,Mechanical,RCM_Y,0,m,True,0.0,0.0,SpacecraftDesignConfig.eps.solarArrayMinusX.RCM_Y,Components.BodyMountedSolarArrayMinusXUnit.panelBody.r_CM[2],False
Component,EPS,solarArrayMinusX,Components.BodyMountedSolarArrayMinusXUnit,Mechanical,RCM_Z,0,m,True,0.0,0.0,SpacecraftDesignConfig.eps.solarArrayMinusX.RCM_Z,Components.BodyMountedSolarArrayMinusXUnit.panelBody.r_CM[3],False
Component,EPS,solarArrayMinusX,Components.BodyMountedSolarArrayMinusXUnit,Mechanical,Inertia_XX,0.003472,kg·m²,True,0.003472,0.003472,SpacecraftDesignConfig.eps.solarArrayMinusX.Inertia_XX,Components.BodyMountedSolarArrayMinusXUnit.panelBody.I_11,False
Component,EPS,solarArrayMinusX,Components.BodyMountedSolarArrayMinusXUnit,Mechanical,Inertia_YY,0.002408,kg·m²,True,0.002408,0.002408,SpacecraftDesignConfig.eps.solarArrayMinusX.Inertia_YY,Components.BodyMountedSolarArrayMinusXUnit.panelBody.I_22,False
Component,EPS,solarArrayMinusX,Components.BodyMountedSolarArrayMinusXUnit,Mechanical,Inertia_ZZ,0.001064,kg·m²,True,0.001064,0.001064,SpacecraftDesignConfig.eps.solarArrayMinusX.Inertia_ZZ,Components.BodyMountedSolarArrayMinusXUnit.panelBody.I_33,False
Component,EPS,pcdu,Components.PowerConditioningUnit,Electrical,RegulatorEfficiency12,0.94,1,True,0.94,0.94,SpacecraftDesignConfig.eps.pcdu.RegulatorEfficiency12,Components.PowerConditioningUnit.regulatorEfficiency,False
Component,EPS,pcdu,Components.PowerConditioningUnit,Electrical,MinimumInputVoltage12,10.2,V,True,10.2,10.2,SpacecraftDesignConfig.eps.pcdu.MinimumInputVoltage12,Components.PowerConditioningUnit.minimumInputVoltage,False
Component,EPS,pcdu,Components.PowerConditioningUnit,Electrical,MaximumInputCurrent12,12,A,True,12.0,12.0,SpacecraftDesignConfig.eps.pcdu.MaximumInputCurrent12,Components.PowerConditioningUnit.maximumInputCurrent,False
Component,EPS,pcdu,Components.PowerConditioningUnit,Electrical,MaximumOutputCurrent12,8,A,True,8.0,8.0,SpacecraftDesignConfig.eps.pcdu.MaximumOutputCurrent12,Components.PowerConditioningUnit.maximumOutputCurrent,False
Component,EPS,pcdu,Components.PowerConditioningUnit,Electrical,MaximumOutputPower12,96,W,True,96.0,96.0,SpacecraftDesignConfig.eps.pcdu.MaximumOutputPower12,Components.PowerConditioningUnit.maximumOutputPower,False
Component,EPS,pcdu,Components.PowerConditioningUnit,Electrical,OutputResistance12,0.035,Ω,True,0.035,0.035,SpacecraftDesignConfig.eps.pcdu.OutputResistance12,Components.PowerConditioningUnit.outputResistance12,False
Component,EPS,pcdu,Components.PowerConditioningUnit,Electrical,OverloadDroop12,0.65,Ω,True,0.65,0.65,SpacecraftDesignConfig.eps.pcdu.OverloadDroop12,Components.PowerConditioningUnit.overloadDroop12,False
Component,EPS,pcdu,Components.PowerConditioningUnit,Electrical,Efficiency5V,0.91,1,True,0.91,0.91,SpacecraftDesignConfig.eps.pcdu.Efficiency5V,Components.PowerConditioningUnit.eta5,False
Component,EPS,pcdu,Components.PowerConditioningUnit,Electrical,CurrentLimit5V,6,A,True,6.0,6.0,SpacecraftDesignConfig.eps.pcdu.CurrentLimit5V,Components.PowerConditioningUnit.currentLimit5,False
Component,EPS,pcdu,Components.PowerConditioningUnit,Electrical,NominalVoltage5V,5.25,V,True,5.25,5.25,SpacecraftDesignConfig.eps.pcdu.NominalVoltage5V,Components.PowerConditioningUnit.converter5.nominalOutputVoltage,False
Component,EPS,pcdu,Components.PowerConditioningUnit,Electrical,PowerLimit5V,30,W,True,30.0,30.0,SpacecraftDesignConfig.eps.pcdu.PowerLimit5V,Components.PowerConditioningUnit.converter5.outputPowerLimit,False
Component,EPS,pcdu,Components.PowerConditioningUnit,Electrical,MinimumInputVoltage5V,9,V,True,9.0,9.0,SpacecraftDesignConfig.eps.pcdu.MinimumInputVoltage5V,Components.PowerConditioningUnit.converter5.minimumInputVoltage,False
Component,EPS,pcdu,Components.PowerConditioningUnit,Electrical,OutputResistance5V,0.025,Ω,True,0.025,0.025,SpacecraftDesignConfig.eps.pcdu.OutputResistance5V,Components.PowerConditioningUnit.converter5.outputResistance,False
Component,EPS,pcdu,Components.PowerConditioningUnit,Electrical,OverloadDroop5V,0.45,Ω,True,0.45,0.45,SpacecraftDesignConfig.eps.pcdu.OverloadDroop5V,Components.PowerConditioningUnit.converter5.overloadDroop,False
Component,EPS,pcdu,Components.PowerConditioningUnit,Electrical,Efficiency3V3,0.89,1,True,0.89,0.89,SpacecraftDesignConfig.eps.pcdu.Efficiency3V3,Components.PowerConditioningUnit.eta3V3,False
Component,EPS,pcdu,Components.PowerConditioningUnit,Electrical,CurrentLimit3V3,5,A,True,5.0,5.0,SpacecraftDesignConfig.eps.pcdu.CurrentLimit3V3,Components.PowerConditioningUnit.currentLimit3V3,False
Component,EPS,pcdu,Components.PowerConditioningUnit,Electrical,NominalVoltage3V3,3.45,V,True,3.45,3.45,SpacecraftDesignConfig.eps.pcdu.NominalVoltage3V3,Components.PowerConditioningUnit.converter3V3.nominalOutputVoltage,False
Component,EPS,pcdu,Components.PowerConditioningUnit,Electrical,PowerLimit3V3,17,W,True,17.0,17.0,SpacecraftDesignConfig.eps.pcdu.PowerLimit3V3,Components.PowerConditioningUnit.converter3V3.outputPowerLimit,False
Component,EPS,pcdu,Components.PowerConditioningUnit,Electrical,MinimumInputVoltage3V3,9,V,True,9.0,9.0,SpacecraftDesignConfig.eps.pcdu.MinimumInputVoltage3V3,Components.PowerConditioningUnit.converter3V3.minimumInputVoltage,False
Component,EPS,pcdu,Components.PowerConditioningUnit,Electrical,OutputResistance3V3,0.03,Ω,True,0.03,0.03,SpacecraftDesignConfig.eps.pcdu.OutputResistance3V3,Components.PowerConditioningUnit.converter3V3.outputResistance,False
Component,EPS,pcdu,Components.PowerConditioningUnit,Electrical,OverloadDroop3V3,0.5,Ω,True,0.5,0.5,SpacecraftDesignConfig.eps.pcdu.OverloadDroop3V3,Components.PowerConditioningUnit.converter3V3.overloadDroop,False
Component,EPS,pcdu,Components.PowerConditioningUnit,Electrical,HousekeepingResistance12,93.35,Ω,True,93.35,93.35,SpacecraftDesignConfig.eps.pcdu.HousekeepingResistance12,Components.PowerConditioningUnit.pcdHousekeeping12.R,False
Component,EPS,pcdu,Components.PowerConditioningUnit,Thermal,BoardHeatCapacity,680,J/K,True,680.0,680.0,SpacecraftDesignConfig.eps.pcdu.BoardHeatCapacity,Components.PowerConditioningUnit.boardHeat.C,False
Component,EPS,pcdu,Components.PowerConditioningUnit,Thermal,MountConductance,0.2,W/K,True,0.2,0.2,SpacecraftDesignConfig.eps.pcdu.MountConductance,Components.PowerConditioningUnit.mounting.G,False
Component,EPS,pcdu,Components.PowerConditioningUnit,Mechanical,Mass,0.72,kg,True,0.72,0.72,SpacecraftDesignConfig.eps.pcdu.Mass,Components.PowerConditioningUnit.boardBody.m,False
Component,EPS,pcdu,Components.PowerConditioningUnit,Mechanical,RCM_X,0,m,True,0.0,0.0,SpacecraftDesignConfig.eps.pcdu.RCM_X,Components.PowerConditioningUnit.boardBody.r_CM[1],False
Component,EPS,pcdu,Components.PowerConditioningUnit,Mechanical,RCM_Y,0,m,True,0.0,0.0,SpacecraftDesignConfig.eps.pcdu.RCM_Y,Components.PowerConditioningUnit.boardBody.r_CM[2],False
Component,EPS,pcdu,Components.PowerConditioningUnit,Mechanical,RCM_Z,0,m,True,0.0,0.0,SpacecraftDesignConfig.eps.pcdu.RCM_Z,Components.PowerConditioningUnit.boardBody.r_CM[3],False
Component,EPS,pcdu,Components.PowerConditioningUnit,Mechanical,Inertia_XX,0.002,kg·m²,True,0.002,0.002,SpacecraftDesignConfig.eps.pcdu.Inertia_XX,Components.PowerConditioningUnit.boardBody.I_11,False
Component,EPS,pcdu,Components.PowerConditioningUnit,Mechanical,Inertia_YY,0.003,kg·m²,True,0.003,0.003,SpacecraftDesignConfig.eps.pcdu.Inertia_YY,Components.PowerConditioningUnit.boardBody.I_22,False
Component,EPS,pcdu,Components.PowerConditioningUnit,Mechanical,Inertia_ZZ,0.002,kg·m²,True,0.002,0.002,SpacecraftDesignConfig.eps.pcdu.Inertia_ZZ,Components.PowerConditioningUnit.boardBody.I_33,False
Component,GNC,computer,Components.GNCComputerUnit,Electrical,ProcessorLoadResistance,86.7,Ω,True,86.7,86.7,SpacecraftDesignConfig.gnc.computer.ProcessorLoadResistance,Components.GNCComputerUnit.processorLoad.R,False
Component,GNC,computer,Components.GNCComputerUnit,Thermal,HeatCapacity,210,J/K,True,210.0,210.0,SpacecraftDesignConfig.gnc.computer.HeatCapacity,Components.GNCComputerUnit.electronics.C,False
Component,GNC,computer,Components.GNCComputerUnit,Thermal,MountConductance,0.38,W/K,True,0.38,0.38,SpacecraftDesignConfig.gnc.computer.MountConductance,Components.GNCComputerUnit.baseplate.G,False
Component,GNC,computer,Components.GNCComputerUnit,Mechanical,Mass,0.39,kg,True,0.39,0.39,SpacecraftDesignConfig.gnc.computer.Mass,Components.GNCComputerUnit.unitBody.m,False
Component,GNC,computer,Components.GNCComputerUnit,Mechanical,RCM_X,0,m,True,0.0,0.0,SpacecraftDesignConfig.gnc.computer.RCM_X,Components.GNCComputerUnit.unitBody.r_CM[1],False
Component,GNC,computer,Components.GNCComputerUnit,Mechanical,RCM_Y,0,m,True,0.0,0.0,SpacecraftDesignConfig.gnc.computer.RCM_Y,Components.GNCComputerUnit.unitBody.r_CM[2],False
Component,GNC,computer,Components.GNCComputerUnit,Mechanical,RCM_Z,0,m,True,0.0,0.0,SpacecraftDesignConfig.gnc.computer.RCM_Z,Components.GNCComputerUnit.unitBody.r_CM[3],False
Component,GNC,computer,Components.GNCComputerUnit,Mechanical,Inertia_XX,0.001,kg·m²,True,0.001,0.001,SpacecraftDesignConfig.gnc.computer.Inertia_XX,Components.GNCComputerUnit.unitBody.I_11,False
Component,GNC,computer,Components.GNCComputerUnit,Mechanical,Inertia_YY,0.0012,kg·m²,True,0.0012,0.0012,SpacecraftDesignConfig.gnc.computer.Inertia_YY,Components.GNCComputerUnit.unitBody.I_22,False
Component,GNC,computer,Components.GNCComputerUnit,Mechanical,Inertia_ZZ,0.001,kg·m²,True,0.001,0.001,SpacecraftDesignConfig.gnc.computer.Inertia_ZZ,Components.GNCComputerUnit.unitBody.I_33,False
Component,GNC,wheelX,Components.ReactionWheelXUnit,Functional,SpeedLimit,628.3185307,rad/s,True,628.3185307,628.3185307,SpacecraftDesignConfig.gnc.wheelX.SpeedLimit,Components.ReactionWheelXUnit.wheelSpeedLimit,False
Component,GNC,wheelX,Components.ReactionWheelXUnit,Electrical,MotorEfficiency,1,1,True,1.0,1.0,SpacecraftDesignConfig.gnc.wheelX.MotorEfficiency,Components.ReactionWheelXUnit.motorEfficiency,False
Component,GNC,wheelX,Components.ReactionWheelXUnit,Electrical,StandbyResistance,253,Ω,True,253.0,253.0,SpacecraftDesignConfig.gnc.wheelX.StandbyResistance,Components.ReactionWheelXUnit.driveElectronics.R,False
Component,GNC,wheelX,Components.ReactionWheelXUnit,Functional,MaxTorque,0.01,N·m,True,0.01,0.01,SpacecraftDesignConfig.gnc.wheelX.MaxTorque,Components.ReactionWheelXUnit.torqueLimit.uMax,False
Component,GNC,wheelX,Components.ReactionWheelXUnit,Mechanical,RotorInertia,9.5e-05,kg·m²,True,9.5e-05,9.5e-05,SpacecraftDesignConfig.gnc.wheelX.RotorInertia,Components.ReactionWheelXUnit.rotor.J,False
Component,GNC,wheelX,Components.ReactionWheelXUnit,Mechanical,BearingDamping,1.1e-07,N·m·s/rad,True,1.1e-07,1.1e-07,SpacecraftDesignConfig.gnc.wheelX.BearingDamping,Components.ReactionWheelXUnit.bearing.d,False
Component,GNC,wheelX,Components.ReactionWheelXUnit,Thermal,HeatCapacity,112,J/K,True,112.0,112.0,SpacecraftDesignConfig.gnc.wheelX.HeatCapacity,Components.ReactionWheelXUnit.wheelThermalMass.C,False
Component,GNC,wheelX,Components.ReactionWheelXUnit,Thermal,MountConductance,0.075,W/K,True,0.075,0.075,SpacecraftDesignConfig.gnc.wheelX.MountConductance,Components.ReactionWheelXUnit.casePath.G,False
Component,GNC,wheelX,Components.ReactionWheelXUnit,Mechanical,Axis_X,1,1,True,1.0,1.0,SpacecraftDesignConfig.gnc.wheelX.Axis_X,Components.ReactionWheelXUnit.mount.n[1],False
Component,GNC,wheelX,Components.ReactionWheelXUnit,Mechanical,Axis_Y,0,1,True,0.0,0.0,SpacecraftDesignConfig.gnc.wheelX.Axis_Y,Components.ReactionWheelXUnit.mount.n[2],False
Component,GNC,wheelX,Components.ReactionWheelXUnit,Mechanical,Axis_Z,0,1,True,0.0,0.0,SpacecraftDesignConfig.gnc.wheelX.Axis_Z,Components.ReactionWheelXUnit.mount.n[3],False
Component,GNC,wheelX,Components.ReactionWheelXUnit,Mechanical,Mass,0.18,kg,True,0.18,0.18,SpacecraftDesignConfig.gnc.wheelX.Mass,Components.ReactionWheelXUnit.wheelHousing.m,False
Component,GNC,wheelX,Components.ReactionWheelXUnit,Mechanical,RCM_X,-0.06,m,True,-0.06,-0.06,SpacecraftDesignConfig.gnc.wheelX.RCM_X,Components.ReactionWheelXUnit.wheelHousing.r_CM[1],False
Component,GNC,wheelX,Components.ReactionWheelXUnit,Mechanical,RCM_Y,-0.04,m,True,-0.04,-0.04,SpacecraftDesignConfig.gnc.wheelX.RCM_Y,Components.ReactionWheelXUnit.wheelHousing.r_CM[2],False
Component,GNC,wheelX,Components.ReactionWheelXUnit,Mechanical,RCM_Z,0.12,m,True,0.12,0.12,SpacecraftDesignConfig.gnc.wheelX.RCM_Z,Components.ReactionWheelXUnit.wheelHousing.r_CM[3],False
Component,GNC,wheelX,Components.ReactionWheelXUnit,Mechanical,Inertia_XX,5.1e-05,kg·m²,True,5.1e-05,5.1e-05,SpacecraftDesignConfig.gnc.wheelX.Inertia_XX,Components.ReactionWheelXUnit.wheelHousing.I_11,False
Component,GNC,wheelX,Components.ReactionWheelXUnit,Mechanical,Inertia_YY,5.1e-05,kg·m²,True,5.1e-05,5.1e-05,SpacecraftDesignConfig.gnc.wheelX.Inertia_YY,Components.ReactionWheelXUnit.wheelHousing.I_22,False
Component,GNC,wheelX,Components.ReactionWheelXUnit,Mechanical,Inertia_ZZ,7.5e-05,kg·m²,True,7.5e-05,7.5e-05,SpacecraftDesignConfig.gnc.wheelX.Inertia_ZZ,Components.ReactionWheelXUnit.wheelHousing.I_33,False
Component,GNC,wheelY,Components.ReactionWheelYUnit,Functional,SpeedLimit,628.3185307,rad/s,True,628.3185307,628.3185307,SpacecraftDesignConfig.gnc.wheelY.SpeedLimit,Components.ReactionWheelYUnit.wheelSpeedLimit,False
Component,GNC,wheelY,Components.ReactionWheelYUnit,Electrical,MotorEfficiency,1,1,True,1.0,1.0,SpacecraftDesignConfig.gnc.wheelY.MotorEfficiency,Components.ReactionWheelYUnit.motorEfficiency,False
Component,GNC,wheelY,Components.ReactionWheelYUnit,Electrical,StandbyResistance,337,Ω,True,337.0,337.0,SpacecraftDesignConfig.gnc.wheelY.StandbyResistance,Components.ReactionWheelYUnit.driverLoss.R,False
Component,GNC,wheelY,Components.ReactionWheelYUnit,Functional,MaxTorque,0.01,N·m,True,0.01,0.01,SpacecraftDesignConfig.gnc.wheelY.MaxTorque,Components.ReactionWheelYUnit.torqueLimit.uMax,False
Component,GNC,wheelY,Components.ReactionWheelYUnit,Mechanical,RotorInertia,9.8e-05,kg·m²,True,9.8e-05,9.8e-05,SpacecraftDesignConfig.gnc.wheelY.RotorInertia,Components.ReactionWheelYUnit.rotor.J,False
Component,GNC,wheelY,Components.ReactionWheelYUnit,Mechanical,BearingDamping,1.3e-07,N·m·s/rad,True,1.3e-07,1.3e-07,SpacecraftDesignConfig.gnc.wheelY.BearingDamping,Components.ReactionWheelYUnit.bearing.d,False
Component,GNC,wheelY,Components.ReactionWheelYUnit,Thermal,HeatCapacity,108,J/K,True,108.0,108.0,SpacecraftDesignConfig.gnc.wheelY.HeatCapacity,Components.ReactionWheelYUnit.thermalMass.C,False
Component,GNC,wheelY,Components.ReactionWheelYUnit,Thermal,MountConductance,0.35,W/K,True,0.35,0.35,SpacecraftDesignConfig.gnc.wheelY.MountConductance,Components.ReactionWheelYUnit.mountingPath.G,False
Component,GNC,wheelY,Components.ReactionWheelYUnit,Mechanical,Axis_X,0,1,True,0.0,0.0,SpacecraftDesignConfig.gnc.wheelY.Axis_X,Components.ReactionWheelYUnit.mount.n[1],False
Component,GNC,wheelY,Components.ReactionWheelYUnit,Mechanical,Axis_Y,1,1,True,1.0,1.0,SpacecraftDesignConfig.gnc.wheelY.Axis_Y,Components.ReactionWheelYUnit.mount.n[2],False
Component,GNC,wheelY,Components.ReactionWheelYUnit,Mechanical,Axis_Z,0,1,True,0.0,0.0,SpacecraftDesignConfig.gnc.wheelY.Axis_Z,Components.ReactionWheelYUnit.mount.n[3],False
Component,GNC,wheelY,Components.ReactionWheelYUnit,Mechanical,Mass,0.18,kg,True,0.18,0.18,SpacecraftDesignConfig.gnc.wheelY.Mass,Components.ReactionWheelYUnit.wheelHousing.m,False
Component,GNC,wheelY,Components.ReactionWheelYUnit,Mechanical,RCM_X,0.06,m,True,0.06,0.06,SpacecraftDesignConfig.gnc.wheelY.RCM_X,Components.ReactionWheelYUnit.wheelHousing.r_CM[1],False
Component,GNC,wheelY,Components.ReactionWheelYUnit,Mechanical,RCM_Y,-0.04,m,True,-0.04,-0.04,SpacecraftDesignConfig.gnc.wheelY.RCM_Y,Components.ReactionWheelYUnit.wheelHousing.r_CM[2],False
Component,GNC,wheelY,Components.ReactionWheelYUnit,Mechanical,RCM_Z,0.12,m,True,0.12,0.12,SpacecraftDesignConfig.gnc.wheelY.RCM_Z,Components.ReactionWheelYUnit.wheelHousing.r_CM[3],False
Component,GNC,wheelY,Components.ReactionWheelYUnit,Mechanical,Inertia_XX,5.1e-05,kg·m²,True,5.1e-05,5.1e-05,SpacecraftDesignConfig.gnc.wheelY.Inertia_XX,Components.ReactionWheelYUnit.wheelHousing.I_11,False
Component,GNC,wheelY,Components.ReactionWheelYUnit,Mechanical,Inertia_YY,5.1e-05,kg·m²,True,5.1e-05,5.1e-05,SpacecraftDesignConfig.gnc.wheelY.Inertia_YY,Components.ReactionWheelYUnit.wheelHousing.I_22,False
Component,GNC,wheelY,Components.ReactionWheelYUnit,Mechanical,Inertia_ZZ,7.5e-05,kg·m²,True,7.5e-05,7.5e-05,SpacecraftDesignConfig.gnc.wheelY.Inertia_ZZ,Components.ReactionWheelYUnit.wheelHousing.I_33,False
Component,GNC,wheelZ,Components.ReactionWheelZUnit,Functional,SpeedLimit,628.3185307,rad/s,True,628.3185307,628.3185307,SpacecraftDesignConfig.gnc.wheelZ.SpeedLimit,Components.ReactionWheelZUnit.wheelSpeedLimit,False
Component,GNC,wheelZ,Components.ReactionWheelZUnit,Electrical,MotorEfficiency,1,1,True,1.0,1.0,SpacecraftDesignConfig.gnc.wheelZ.MotorEfficiency,Components.ReactionWheelZUnit.motorEfficiency,False
Component,GNC,wheelZ,Components.ReactionWheelZUnit,Electrical,StandbyResistance,270,Ω,True,270.0,270.0,SpacecraftDesignConfig.gnc.wheelZ.StandbyResistance,Components.ReactionWheelZUnit.inverterLoss.R,False
Component,GNC,wheelZ,Components.ReactionWheelZUnit,Functional,MaxTorque,0.01,N·m,True,0.01,0.01,SpacecraftDesignConfig.gnc.wheelZ.MaxTorque,Components.ReactionWheelZUnit.torqueLimit.uMax,False
Component,GNC,wheelZ,Components.ReactionWheelZUnit,Mechanical,RotorInertia,9.3e-05,kg·m²,True,9.3e-05,9.3e-05,SpacecraftDesignConfig.gnc.wheelZ.RotorInertia,Components.ReactionWheelZUnit.rotor.J,False
Component,GNC,wheelZ,Components.ReactionWheelZUnit,Mechanical,BearingDamping,9e-08,N·m·s/rad,True,9e-08,9e-08,SpacecraftDesignConfig.gnc.wheelZ.BearingDamping,Components.ReactionWheelZUnit.bearing.d,False
Component,GNC,wheelZ,Components.ReactionWheelZUnit,Thermal,HeatCapacity,115,J/K,True,115.0,115.0,SpacecraftDesignConfig.gnc.wheelZ.HeatCapacity,Components.ReactionWheelZUnit.thermalMass.C,False
Component,GNC,wheelZ,Components.ReactionWheelZUnit,Thermal,MountConductance,0.075,W/K,True,0.075,0.075,SpacecraftDesignConfig.gnc.wheelZ.MountConductance,Components.ReactionWheelZUnit.chassisPath.G,False
Component,GNC,wheelZ,Components.ReactionWheelZUnit,Mechanical,Axis_X,0,1,True,0.0,0.0,SpacecraftDesignConfig.gnc.wheelZ.Axis_X,Components.ReactionWheelZUnit.mount.n[1],False
Component,GNC,wheelZ,Components.ReactionWheelZUnit,Mechanical,Axis_Y,0,1,True,0.0,0.0,SpacecraftDesignConfig.gnc.wheelZ.Axis_Y,Components.ReactionWheelZUnit.mount.n[2],False
Component,GNC,wheelZ,Components.ReactionWheelZUnit,Mechanical,Axis_Z,1,1,True,1.0,1.0,SpacecraftDesignConfig.gnc.wheelZ.Axis_Z,Components.ReactionWheelZUnit.mount.n[3],False
Component,GNC,wheelZ,Components.ReactionWheelZUnit,Mechanical,Mass,0.18,kg,True,0.18,0.18,SpacecraftDesignConfig.gnc.wheelZ.Mass,Components.ReactionWheelZUnit.wheelHousing.m,False
Component,GNC,wheelZ,Components.ReactionWheelZUnit,Mechanical,RCM_X,-0.06,m,True,-0.06,-0.06,SpacecraftDesignConfig.gnc.wheelZ.RCM_X,Components.ReactionWheelZUnit.wheelHousing.r_CM[1],False
Component,GNC,wheelZ,Components.ReactionWheelZUnit,Mechanical,RCM_Y,0.04,m,True,0.04,0.04,SpacecraftDesignConfig.gnc.wheelZ.RCM_Y,Components.ReactionWheelZUnit.wheelHousing.r_CM[2],False
Component,GNC,wheelZ,Components.ReactionWheelZUnit,Mechanical,RCM_Z,0.12,m,True,0.12,0.12,SpacecraftDesignConfig.gnc.wheelZ.RCM_Z,Components.ReactionWheelZUnit.wheelHousing.r_CM[3],False
Component,GNC,wheelZ,Components.ReactionWheelZUnit,Mechanical,Inertia_XX,5.1e-05,kg·m²,True,5.1e-05,5.1e-05,SpacecraftDesignConfig.gnc.wheelZ.Inertia_XX,Components.ReactionWheelZUnit.wheelHousing.I_11,False
Component,GNC,wheelZ,Components.ReactionWheelZUnit,Mechanical,Inertia_YY,5.1e-05,kg·m²,True,5.1e-05,5.1e-05,SpacecraftDesignConfig.gnc.wheelZ.Inertia_YY,Components.ReactionWheelZUnit.wheelHousing.I_22,False
Component,GNC,wheelZ,Components.ReactionWheelZUnit,Mechanical,Inertia_ZZ,7.5e-05,kg·m²,True,7.5e-05,7.5e-05,SpacecraftDesignConfig.gnc.wheelZ.Inertia_ZZ,Components.ReactionWheelZUnit.wheelHousing.I_33,False
Component,GNC,wheelS,Components.ReactionWheelSUnit,Functional,SpeedLimit,628.3185307,rad/s,True,628.3185307,628.3185307,SpacecraftDesignConfig.gnc.wheelS.SpeedLimit,Components.ReactionWheelSUnit.wheelSpeedLimit,False
Component,GNC,wheelS,Components.ReactionWheelSUnit,Electrical,MotorEfficiency,1,1,True,1.0,1.0,SpacecraftDesignConfig.gnc.wheelS.MotorEfficiency,Components.ReactionWheelSUnit.motorEfficiency,False
Component,GNC,wheelS,Components.ReactionWheelSUnit,Electrical,StandbyResistance,1000000,Ω,True,1000000.0,1000000.0,SpacecraftDesignConfig.gnc.wheelS.StandbyResistance,Components.ReactionWheelSUnit.controllerLoss.R,False
Component,GNC,wheelS,Components.ReactionWheelSUnit,Functional,MaxTorque,0.0038,N·m,True,0.0038,0.0038,SpacecraftDesignConfig.gnc.wheelS.MaxTorque,Components.ReactionWheelSUnit.torqueLimit.uMax,False
Component,GNC,wheelS,Components.ReactionWheelSUnit,Mechanical,RotorInertia,0.000102,kg·m²,True,0.000102,0.000102,SpacecraftDesignConfig.gnc.wheelS.RotorInertia,Components.ReactionWheelSUnit.rotor.J,False
Component,GNC,wheelS,Components.ReactionWheelSUnit,Mechanical,BearingDamping,1.4e-07,N·m·s/rad,True,1.4e-07,1.4e-07,SpacecraftDesignConfig.gnc.wheelS.BearingDamping,Components.ReactionWheelSUnit.bearing.d,False
Component,GNC,wheelS,Components.ReactionWheelSUnit,Thermal,HeatCapacity,120,J/K,True,120.0,120.0,SpacecraftDesignConfig.gnc.wheelS.HeatCapacity,Components.ReactionWheelSUnit.thermalMass.C,False
Component,GNC,wheelS,Components.ReactionWheelSUnit,Thermal,MountConductance,0.08,W/K,True,0.08,0.08,SpacecraftDesignConfig.gnc.wheelS.MountConductance,Components.ReactionWheelSUnit.isolatorPath.G,False
Component,GNC,wheelS,Components.ReactionWheelSUnit,Mechanical,Axis_X,0.577350269,1,True,0.577350269,0.577350269,SpacecraftDesignConfig.gnc.wheelS.Axis_X,Components.ReactionWheelSUnit.mount.n[1],False
Component,GNC,wheelS,Components.ReactionWheelSUnit,Mechanical,Axis_Y,0.577350269,1,True,0.577350269,0.577350269,SpacecraftDesignConfig.gnc.wheelS.Axis_Y,Components.ReactionWheelSUnit.mount.n[2],False
Component,GNC,wheelS,Components.ReactionWheelSUnit,Mechanical,Axis_Z,0.577350269,1,True,0.577350269,0.577350269,SpacecraftDesignConfig.gnc.wheelS.Axis_Z,Components.ReactionWheelSUnit.mount.n[3],False
Component,GNC,wheelS,Components.ReactionWheelSUnit,Mechanical,Mass,0.18,kg,True,0.18,0.18,SpacecraftDesignConfig.gnc.wheelS.Mass,Components.ReactionWheelSUnit.wheelHousing.m,False
Component,GNC,wheelS,Components.ReactionWheelSUnit,Mechanical,RCM_X,0.06,m,True,0.06,0.06,SpacecraftDesignConfig.gnc.wheelS.RCM_X,Components.ReactionWheelSUnit.wheelHousing.r_CM[1],False
Component,GNC,wheelS,Components.ReactionWheelSUnit,Mechanical,RCM_Y,0.04,m,True,0.04,0.04,SpacecraftDesignConfig.gnc.wheelS.RCM_Y,Components.ReactionWheelSUnit.wheelHousing.r_CM[2],False
Component,GNC,wheelS,Components.ReactionWheelSUnit,Mechanical,RCM_Z,0.12,m,True,0.12,0.12,SpacecraftDesignConfig.gnc.wheelS.RCM_Z,Components.ReactionWheelSUnit.wheelHousing.r_CM[3],False
Component,GNC,wheelS,Components.ReactionWheelSUnit,Mechanical,Inertia_XX,5.1e-05,kg·m²,True,5.1e-05,5.1e-05,SpacecraftDesignConfig.gnc.wheelS.Inertia_XX,Components.ReactionWheelSUnit.wheelHousing.I_11,False
Component,GNC,wheelS,Components.ReactionWheelSUnit,Mechanical,Inertia_YY,5.1e-05,kg·m²,True,5.1e-05,5.1e-05,SpacecraftDesignConfig.gnc.wheelS.Inertia_YY,Components.ReactionWheelSUnit.wheelHousing.I_22,False
Component,GNC,wheelS,Components.ReactionWheelSUnit,Mechanical,Inertia_ZZ,7.5e-05,kg·m²,True,7.5e-05,7.5e-05,SpacecraftDesignConfig.gnc.wheelS.Inertia_ZZ,Components.ReactionWheelSUnit.wheelHousing.I_33,False
Component,GNC,starY,Components.StarTrackerYUnit,Electrical,LoadResistance,51.9,Ω,True,51.9,51.9,SpacecraftDesignConfig.gnc.starY.LoadResistance,Components.StarTrackerYUnit.imagerLoad.R,False
Component,GNC,starY,Components.StarTrackerYUnit,Thermal,HeatCapacity,150,J/K,True,150.0,150.0,SpacecraftDesignConfig.gnc.starY.HeatCapacity,Components.StarTrackerYUnit.opticalHead.C,False
Component,GNC,starY,Components.StarTrackerYUnit,Thermal,MountConductance,0.12,W/K,True,0.12,0.12,SpacecraftDesignConfig.gnc.starY.MountConductance,Components.StarTrackerYUnit.baffleMount.G,False
Component,GNC,starY,Components.StarTrackerYUnit,Mechanical,Mass,0.48,kg,True,0.48,0.48,SpacecraftDesignConfig.gnc.starY.Mass,Components.StarTrackerYUnit.opticalBody.m,False
Component,GNC,starY,Components.StarTrackerYUnit,Mechanical,RCM_X,0,m,True,0.0,0.0,SpacecraftDesignConfig.gnc.starY.RCM_X,Components.StarTrackerYUnit.opticalBody.r_CM[1],False
Component,GNC,starY,Components.StarTrackerYUnit,Mechanical,RCM_Y,0.12,m,True,0.12,0.12,SpacecraftDesignConfig.gnc.starY.RCM_Y,Components.StarTrackerYUnit.opticalBody.r_CM[2],False
Component,GNC,starY,Components.StarTrackerYUnit,Mechanical,RCM_Z,0,m,True,0.0,0.0,SpacecraftDesignConfig.gnc.starY.RCM_Z,Components.StarTrackerYUnit.opticalBody.r_CM[3],False
Component,GNC,starY,Components.StarTrackerYUnit,Mechanical,Inertia_XX,0.0015,kg·m²,True,0.0015,0.0015,SpacecraftDesignConfig.gnc.starY.Inertia_XX,Components.StarTrackerYUnit.opticalBody.I_11,False
Component,GNC,starY,Components.StarTrackerYUnit,Mechanical,Inertia_YY,0.001,kg·m²,True,0.001,0.001,SpacecraftDesignConfig.gnc.starY.Inertia_YY,Components.StarTrackerYUnit.opticalBody.I_22,False
Component,GNC,starY,Components.StarTrackerYUnit,Mechanical,Inertia_ZZ,0.0015,kg·m²,True,0.0015,0.0015,SpacecraftDesignConfig.gnc.starY.Inertia_ZZ,Components.StarTrackerYUnit.opticalBody.I_33,False
Component,GNC,starZ,Components.StarTrackerZUnit,Electrical,LoadResistance,51.9,Ω,True,51.9,51.9,SpacecraftDesignConfig.gnc.starZ.LoadResistance,Components.StarTrackerZUnit.trackerCalculation.activeResistance.R,False
Component,GNC,starZ,Components.StarTrackerZUnit,Thermal,HeatCapacity,135,J/K,True,135.0,135.0,SpacecraftDesignConfig.gnc.starZ.HeatCapacity,Components.StarTrackerZUnit.focalPlane.C,False
Component,GNC,starZ,Components.StarTrackerZUnit,Thermal,ThermalResistance,9.5,K/W,True,9.5,9.5,SpacecraftDesignConfig.gnc.starZ.ThermalResistance,Components.StarTrackerZUnit.isolator.R,False
Component,GNC,starZ,Components.StarTrackerZUnit,Electrical,EMIResistance,0.05,Ω,True,0.05,0.05,SpacecraftDesignConfig.gnc.starZ.EMIResistance,Components.StarTrackerZUnit.emiFilter.R,False
Component,GNC,starZ,Components.StarTrackerZUnit,Mechanical,Mass,0.52,kg,True,0.52,0.52,SpacecraftDesignConfig.gnc.starZ.Mass,Components.StarTrackerZUnit.trackerBody.m,False
Component,GNC,starZ,Components.StarTrackerZUnit,Mechanical,RCM_X,0,m,True,0.0,0.0,SpacecraftDesignConfig.gnc.starZ.RCM_X,Components.StarTrackerZUnit.trackerBody.r_CM[1],False
Component,GNC,starZ,Components.StarTrackerZUnit,Mechanical,RCM_Y,0,m,True,0.0,0.0,SpacecraftDesignConfig.gnc.starZ.RCM_Y,Components.StarTrackerZUnit.trackerBody.r_CM[2],False
Component,GNC,starZ,Components.StarTrackerZUnit,Mechanical,RCM_Z,0.11,m,True,0.11,0.11,SpacecraftDesignConfig.gnc.starZ.RCM_Z,Components.StarTrackerZUnit.trackerBody.r_CM[3],False
Component,GNC,starZ,Components.StarTrackerZUnit,Mechanical,Inertia_XX,0.0016,kg·m²,True,0.0016,0.0016,SpacecraftDesignConfig.gnc.starZ.Inertia_XX,Components.StarTrackerZUnit.trackerBody.I_11,False
Component,GNC,starZ,Components.StarTrackerZUnit,Mechanical,Inertia_YY,0.0016,kg·m²,True,0.0016,0.0016,SpacecraftDesignConfig.gnc.starZ.Inertia_YY,Components.StarTrackerZUnit.trackerBody.I_22,False
Component,GNC,starZ,Components.StarTrackerZUnit,Mechanical,Inertia_ZZ,0.001,kg·m²,True,0.001,0.001,SpacecraftDesignConfig.gnc.starZ.Inertia_ZZ,Components.StarTrackerZUnit.trackerBody.I_33,False
Component,GNC,rateGyro,Components.RateGyroUnit,Electrical,LoadResistance,28,Ω,True,28.0,28.0,SpacecraftDesignConfig.gnc.rateGyro.LoadResistance,Components.RateGyroUnit.opticalLoad.R,False
Component,GNC,rateGyro,Components.RateGyroUnit,Thermal,HeatCapacity,240,J/K,True,240.0,240.0,SpacecraftDesignConfig.gnc.rateGyro.HeatCapacity,Components.RateGyroUnit.gyroThermalMass.C,False
Component,GNC,rateGyro,Components.RateGyroUnit,Thermal,MountConductance,0.26,W/K,True,0.26,0.26,SpacecraftDesignConfig.gnc.rateGyro.MountConductance,Components.RateGyroUnit.flangePath.G,False
Component,GNC,rateGyro,Components.RateGyroUnit,Mechanical,Mass,0.68,kg,True,0.68,0.68,SpacecraftDesignConfig.gnc.rateGyro.Mass,Components.RateGyroUnit.gyroBody.m,False
Component,GNC,rateGyro,Components.RateGyroUnit,Mechanical,RCM_X,0,m,True,0.0,0.0,SpacecraftDesignConfig.gnc.rateGyro.RCM_X,Components.RateGyroUnit.gyroBody.r_CM[1],False
Component,GNC,rateGyro,Components.RateGyroUnit,Mechanical,RCM_Y,0,m,True,0.0,0.0,SpacecraftDesignConfig.gnc.rateGyro.RCM_Y,Components.RateGyroUnit.gyroBody.r_CM[2],False
Component,GNC,rateGyro,Components.RateGyroUnit,Mechanical,RCM_Z,0,m,True,0.0,0.0,SpacecraftDesignConfig.gnc.rateGyro.RCM_Z,Components.RateGyroUnit.gyroBody.r_CM[3],False
Component,GNC,rateGyro,Components.RateGyroUnit,Mechanical,Inertia_XX,0.0022,kg·m²,True,0.0022,0.0022,SpacecraftDesignConfig.gnc.rateGyro.Inertia_XX,Components.RateGyroUnit.gyroBody.I_11,False
Component,GNC,rateGyro,Components.RateGyroUnit,Mechanical,Inertia_YY,0.0022,kg·m²,True,0.0022,0.0022,SpacecraftDesignConfig.gnc.rateGyro.Inertia_YY,Components.RateGyroUnit.gyroBody.I_22,False
Component,GNC,rateGyro,Components.RateGyroUnit,Mechanical,Inertia_ZZ,0.0022,kg·m²,True,0.0022,0.0022,SpacecraftDesignConfig.gnc.rateGyro.Inertia_ZZ,Components.RateGyroUnit.gyroBody.I_33,False
Component,GNC,memsIMU,Components.MEMSIMUUnit,Electrical,LoadResistance,84.6,Ω,True,84.6,84.6,SpacecraftDesignConfig.gnc.memsIMU.LoadResistance,Components.MEMSIMUUnit.sensorLoad.R,False
Component,GNC,memsIMU,Components.MEMSIMUUnit,Thermal,HeatCapacity,85,J/K,True,85.0,85.0,SpacecraftDesignConfig.gnc.memsIMU.HeatCapacity,Components.MEMSIMUUnit.packageNode.C,False
Component,GNC,memsIMU,Components.MEMSIMUUnit,Thermal,MountConductance,0.3,W/K,True,0.3,0.3,SpacecraftDesignConfig.gnc.memsIMU.MountConductance,Components.MEMSIMUUnit.pcbPath.G,False
Component,GNC,memsIMU,Components.MEMSIMUUnit,Mechanical,Mass,0.19,kg,True,0.19,0.19,SpacecraftDesignConfig.gnc.memsIMU.Mass,Components.MEMSIMUUnit.imuBody.m,False
Component,GNC,memsIMU,Components.MEMSIMUUnit,Mechanical,RCM_X,0,m,True,0.0,0.0,SpacecraftDesignConfig.gnc.memsIMU.RCM_X,Components.MEMSIMUUnit.imuBody.r_CM[1],False
Component,GNC,memsIMU,Components.MEMSIMUUnit,Mechanical,RCM_Y,0,m,True,0.0,0.0,SpacecraftDesignConfig.gnc.memsIMU.RCM_Y,Components.MEMSIMUUnit.imuBody.r_CM[2],False
Component,GNC,memsIMU,Components.MEMSIMUUnit,Mechanical,RCM_Z,0,m,True,0.0,0.0,SpacecraftDesignConfig.gnc.memsIMU.RCM_Z,Components.MEMSIMUUnit.imuBody.r_CM[3],False
Component,GNC,memsIMU,Components.MEMSIMUUnit,Mechanical,Inertia_XX,0.00025,kg·m²,True,0.00025,0.00025,SpacecraftDesignConfig.gnc.memsIMU.Inertia_XX,Components.MEMSIMUUnit.imuBody.I_11,False
Component,GNC,memsIMU,Components.MEMSIMUUnit,Mechanical,Inertia_YY,0.00022,kg·m²,True,0.00022,0.00022,SpacecraftDesignConfig.gnc.memsIMU.Inertia_YY,Components.MEMSIMUUnit.imuBody.I_22,False
Component,GNC,memsIMU,Components.MEMSIMUUnit,Mechanical,Inertia_ZZ,0.00024,kg·m²,True,0.00024,0.00024,SpacecraftDesignConfig.gnc.memsIMU.Inertia_ZZ,Components.MEMSIMUUnit.imuBody.I_33,False
Component,GNC,magnetometer,Components.MagnetometerUnit,Electrical,LoadResistance,129.8,Ω,True,129.8,129.8,SpacecraftDesignConfig.gnc.magnetometer.LoadResistance,Components.MagnetometerUnit.bridgeLoad.R,False
Component,GNC,magnetometer,Components.MagnetometerUnit,Thermal,HeatCapacity,62,J/K,True,62.0,62.0,SpacecraftDesignConfig.gnc.magnetometer.HeatCapacity,Components.MagnetometerUnit.sensorNode.C,False
Component,GNC,magnetometer,Components.MagnetometerUnit,Thermal,MountConductance,0.08,W/K,True,0.08,0.08,SpacecraftDesignConfig.gnc.magnetometer.MountConductance,Components.MagnetometerUnit.boom.G,False
Component,GNC,magnetometer,Components.MagnetometerUnit,Mechanical,Mass,0.12,kg,True,0.12,0.12,SpacecraftDesignConfig.gnc.magnetometer.Mass,Components.MagnetometerUnit.sensorBody.m,False
Component,GNC,magnetometer,Components.MagnetometerUnit,Mechanical,RCM_X,0.3,m,True,0.3,0.3,SpacecraftDesignConfig.gnc.magnetometer.RCM_X,Components.MagnetometerUnit.sensorBody.r_CM[1],False
Component,GNC,magnetometer,Components.MagnetometerUnit,Mechanical,RCM_Y,0,m,True,0.0,0.0,SpacecraftDesignConfig.gnc.magnetometer.RCM_Y,Components.MagnetometerUnit.sensorBody.r_CM[2],False
Component,GNC,magnetometer,Components.MagnetometerUnit,Mechanical,RCM_Z,0,m,True,0.0,0.0,SpacecraftDesignConfig.gnc.magnetometer.RCM_Z,Components.MagnetometerUnit.sensorBody.r_CM[3],False
Component,GNC,magnetometer,Components.MagnetometerUnit,Mechanical,Inertia_XX,0.0001,kg·m²,True,0.0001,0.0001,SpacecraftDesignConfig.gnc.magnetometer.Inertia_XX,Components.MagnetometerUnit.sensorBody.I_11,False
Component,GNC,magnetometer,Components.MagnetometerUnit,Mechanical,Inertia_YY,0.0011,kg·m²,True,0.0011,0.0011,SpacecraftDesignConfig.gnc.magnetometer.Inertia_YY,Components.MagnetometerUnit.sensorBody.I_22,False
Component,GNC,magnetometer,Components.MagnetometerUnit,Mechanical,Inertia_ZZ,0.0011,kg·m²,True,0.0011,0.0011,SpacecraftDesignConfig.gnc.magnetometer.Inertia_ZZ,Components.MagnetometerUnit.sensorBody.I_33,False
Component,GNC,sunSensor,Components.SunSensorUnit,Electrical,LoadResistance,157.3,Ω,True,157.3,157.3,SpacecraftDesignConfig.gnc.sunSensor.LoadResistance,Components.SunSensorUnit.quadrantLoad.R,False
Component,GNC,sunSensor,Components.SunSensorUnit,Thermal,HeatCapacity,75,J/K,True,75.0,75.0,SpacecraftDesignConfig.gnc.sunSensor.HeatCapacity,Components.SunSensorUnit.head.C,False
Component,GNC,sunSensor,Components.SunSensorUnit,Thermal,MountConductance,0.18,W/K,True,0.18,0.18,SpacecraftDesignConfig.gnc.sunSensor.MountConductance,Components.SunSensorUnit.mount.G,False
Component,GNC,sunSensor,Components.SunSensorUnit,Mechanical,Mass,0.1,kg,True,0.1,0.1,SpacecraftDesignConfig.gnc.sunSensor.Mass,Components.SunSensorUnit.headBody.m,False
Component,GNC,sunSensor,Components.SunSensorUnit,Mechanical,RCM_X,0,m,True,0.0,0.0,SpacecraftDesignConfig.gnc.sunSensor.RCM_X,Components.SunSensorUnit.headBody.r_CM[1],False
Component,GNC,sunSensor,Components.SunSensorUnit,Mechanical,RCM_Y,0.1,m,True,0.1,0.1,SpacecraftDesignConfig.gnc.sunSensor.RCM_Y,Components.SunSensorUnit.headBody.r_CM[2],False
Component,GNC,sunSensor,Components.SunSensorUnit,Mechanical,RCM_Z,0,m,True,0.0,0.0,SpacecraftDesignConfig.gnc.sunSensor.RCM_Z,Components.SunSensorUnit.headBody.r_CM[3],False
Component,GNC,sunSensor,Components.SunSensorUnit,Mechanical,Inertia_XX,0.00015,kg·m²,True,0.00015,0.00015,SpacecraftDesignConfig.gnc.sunSensor.Inertia_XX,Components.SunSensorUnit.headBody.I_11,False
Component,GNC,sunSensor,Components.SunSensorUnit,Mechanical,Inertia_YY,0.0001,kg·m²,True,0.0001,0.0001,SpacecraftDesignConfig.gnc.sunSensor.Inertia_YY,Components.SunSensorUnit.headBody.I_22,False
Component,GNC,sunSensor,Components.SunSensorUnit,Mechanical,Inertia_ZZ,0.00015,kg·m²,True,0.00015,0.00015,SpacecraftDesignConfig.gnc.sunSensor.Inertia_ZZ,Components.SunSensorUnit.headBody.I_33,False
Component,GNC,magnetorquer,Components.MagnetorquerUnit,Functional,CoilCurrentLimit,0.28,A,True,0.28,0.28,SpacecraftDesignConfig.gnc.magnetorquer.CoilCurrentLimit,Components.MagnetorquerUnit.coilCurrentLimit,False
Component,GNC,magnetorquer,Components.MagnetorquerUnit,Functional,DipolePerAmpere_X,3.571428571,A·m²/A,True,3.571428571,3.571428571,SpacecraftDesignConfig.gnc.magnetorquer.DipolePerAmpere_X,Components.MagnetorquerUnit.dipolePerAmpere[1],False
Component,GNC,magnetorquer,Components.MagnetorquerUnit,Functional,DipolePerAmpere_Y,3.571428571,A·m²/A,True,3.571428571,3.571428571,SpacecraftDesignConfig.gnc.magnetorquer.DipolePerAmpere_Y,Components.MagnetorquerUnit.dipolePerAmpere[2],False
Component,GNC,magnetorquer,Components.MagnetorquerUnit,Functional,DipolePerAmpere_Z,3.571428571,A·m²/A,True,3.571428571,3.571428571,SpacecraftDesignConfig.gnc.magnetorquer.DipolePerAmpere_Z,Components.MagnetorquerUnit.dipolePerAmpere[3],False
Component,GNC,magnetorquer,Components.MagnetorquerUnit,Thermal,HeatCapacity,190,J/K,True,190.0,190.0,SpacecraftDesignConfig.gnc.magnetorquer.HeatCapacity,Components.MagnetorquerUnit.coilThermalMass.C,False
Component,GNC,magnetorquer,Components.MagnetorquerUnit,Thermal,MountConductance,0.32,W/K,True,0.32,0.32,SpacecraftDesignConfig.gnc.magnetorquer.MountConductance,Components.MagnetorquerUnit.framePath.G,False
Component,GNC,magnetorquer,Components.MagnetorquerUnit,Mechanical,Mass,0.42,kg,True,0.42,0.42,SpacecraftDesignConfig.gnc.magnetorquer.Mass,Components.MagnetorquerUnit.rods.m,False
Component,GNC,magnetorquer,Components.MagnetorquerUnit,Mechanical,RCM_X,0,m,True,0.0,0.0,SpacecraftDesignConfig.gnc.magnetorquer.RCM_X,Components.MagnetorquerUnit.rods.r_CM[1],False
Component,GNC,magnetorquer,Components.MagnetorquerUnit,Mechanical,RCM_Y,0,m,True,0.0,0.0,SpacecraftDesignConfig.gnc.magnetorquer.RCM_Y,Components.MagnetorquerUnit.rods.r_CM[2],False
Component,GNC,magnetorquer,Components.MagnetorquerUnit,Mechanical,RCM_Z,0,m,True,0.0,0.0,SpacecraftDesignConfig.gnc.magnetorquer.RCM_Z,Components.MagnetorquerUnit.rods.r_CM[3],False
Component,GNC,magnetorquer,Components.MagnetorquerUnit,Mechanical,Inertia_XX,0.003,kg·m²,True,0.003,0.003,SpacecraftDesignConfig.gnc.magnetorquer.Inertia_XX,Components.MagnetorquerUnit.rods.I_11,False
Component,GNC,magnetorquer,Components.MagnetorquerUnit,Mechanical,Inertia_YY,0.003,kg·m²,True,0.003,0.003,SpacecraftDesignConfig.gnc.magnetorquer.Inertia_YY,Components.MagnetorquerUnit.rods.I_22,False
Component,GNC,magnetorquer,Components.MagnetorquerUnit,Mechanical,Inertia_ZZ,0.003,kg·m²,True,0.003,0.003,SpacecraftDesignConfig.gnc.magnetorquer.Inertia_ZZ,Components.MagnetorquerUnit.rods.I_33,False
Component,Payload,earthCamera,Components.EarthObservationCameraUnit,Functional,RawImageSize,200000000,byte,True,200000000.0,200000000.0,SpacecraftDesignConfig.payload.earthCamera.RawImageSize,Components.EarthObservationCameraUnit.rawImageSize,False
Component,Payload,earthCamera,Components.EarthObservationCameraUnit,Functional,StoredImageSize,100000000,byte,True,100000000.0,100000000.0,SpacecraftDesignConfig.payload.earthCamera.StoredImageSize,Components.EarthObservationCameraUnit.storedImageSize,False
Component,Payload,earthCamera,Components.EarthObservationCameraUnit,Functional,CaptureDuration,10,s,True,10.0,10.0,SpacecraftDesignConfig.payload.earthCamera.CaptureDuration,Components.EarthObservationCameraUnit.nominalCaptureDuration,False
Component,Payload,earthCamera,Components.EarthObservationCameraUnit,Electrical,FocalElectronicsResistance,8.5,Ω,True,8.5,8.5,SpacecraftDesignConfig.payload.earthCamera.FocalElectronicsResistance,Components.EarthObservationCameraUnit.focalElectronics.R,False
Component,Payload,earthCamera,Components.EarthObservationCameraUnit,Electrical,FocalHeaterResistance,36,Ω,True,36.0,36.0,SpacecraftDesignConfig.payload.earthCamera.FocalHeaterResistance,Components.EarthObservationCameraUnit.cameraCalculation.focalHeaterResistance,False
Component,Payload,earthCamera,Components.EarthObservationCameraUnit,Thermal,OpticalBenchHeatCapacity,2420,J/K,True,2420.0,2420.0,SpacecraftDesignConfig.payload.earthCamera.OpticalBenchHeatCapacity,Components.EarthObservationCameraUnit.opticalBench.C,False
Component,Payload,earthCamera,Components.EarthObservationCameraUnit,Thermal,FocalBoxHeatCapacity,390,J/K,True,390.0,390.0,SpacecraftDesignConfig.payload.earthCamera.FocalBoxHeatCapacity,Components.EarthObservationCameraUnit.focalBox.C,False
Component,Payload,earthCamera,Components.EarthObservationCameraUnit,Thermal,OpticalMountConductance,0.1,W/K,True,0.1,0.1,SpacecraftDesignConfig.payload.earthCamera.OpticalMountConductance,Components.EarthObservationCameraUnit.opticalMount.G,False
Component,Payload,earthCamera,Components.EarthObservationCameraUnit,Thermal,FocalCouplingConductance,0.18,W/K,True,0.18,0.18,SpacecraftDesignConfig.payload.earthCamera.FocalCouplingConductance,Components.EarthObservationCameraUnit.focalCoupling.G,False
Component,Payload,earthCamera,Components.EarthObservationCameraUnit,Thermal,FocalMountConductance,0.25,W/K,True,0.25,0.25,SpacecraftDesignConfig.payload.earthCamera.FocalMountConductance,Components.EarthObservationCameraUnit.focalMount.G,False
Component,Payload,earthCamera,Components.EarthObservationCameraUnit,Mechanical,Mass,3.85,kg,True,3.85,3.85,SpacecraftDesignConfig.payload.earthCamera.Mass,Components.EarthObservationCameraUnit.telescopeBody.m,False
Component,Payload,earthCamera,Components.EarthObservationCameraUnit,Mechanical,RCM_X,0,m,True,0.0,0.0,SpacecraftDesignConfig.payload.earthCamera.RCM_X,Components.EarthObservationCameraUnit.telescopeBody.r_CM[1],False
Component,Payload,earthCamera,Components.EarthObservationCameraUnit,Mechanical,RCM_Y,0,m,True,0.0,0.0,SpacecraftDesignConfig.payload.earthCamera.RCM_Y,Components.EarthObservationCameraUnit.telescopeBody.r_CM[2],False
Component,Payload,earthCamera,Components.EarthObservationCameraUnit,Mechanical,RCM_Z,0.18,m,True,0.18,0.18,SpacecraftDesignConfig.payload.earthCamera.RCM_Z,Components.EarthObservationCameraUnit.telescopeBody.r_CM[3],False
Component,Payload,earthCamera,Components.EarthObservationCameraUnit,Mechanical,Inertia_XX,0.11,kg·m²,True,0.11,0.11,SpacecraftDesignConfig.payload.earthCamera.Inertia_XX,Components.EarthObservationCameraUnit.telescopeBody.I_11,False
Component,Payload,earthCamera,Components.EarthObservationCameraUnit,Mechanical,Inertia_YY,0.1,kg·m²,True,0.1,0.1,SpacecraftDesignConfig.payload.earthCamera.Inertia_YY,Components.EarthObservationCameraUnit.telescopeBody.I_22,False
Component,Payload,earthCamera,Components.EarthObservationCameraUnit,Mechanical,Inertia_ZZ,0.045,kg·m²,True,0.045,0.045,SpacecraftDesignConfig.payload.earthCamera.Inertia_ZZ,Components.EarthObservationCameraUnit.telescopeBody.I_33,False
Component,Payload,selfieCamera,Components.SelfieCameraUnit,Functional,ImagingDataRate,2000000,byte/s,True,2000000.0,2000000.0,SpacecraftDesignConfig.payload.selfieCamera.ImagingDataRate,Components.SelfieCameraUnit.imagingDataRate,False
Component,Payload,selfieCamera,Components.SelfieCameraUnit,Electrical,CMOSLoadResistance,64.9,Ω,True,64.9,64.9,SpacecraftDesignConfig.payload.selfieCamera.CMOSLoadResistance,Components.SelfieCameraUnit.cmosLoad.R,False
Component,Payload,selfieCamera,Components.SelfieCameraUnit,Thermal,ImagerHeatCapacity,95,J/K,True,95.0,95.0,SpacecraftDesignConfig.payload.selfieCamera.ImagerHeatCapacity,Components.SelfieCameraUnit.imager.C,False
Component,Payload,selfieCamera,Components.SelfieCameraUnit,Thermal,MountConductance,0.28,W/K,True,0.28,0.28,SpacecraftDesignConfig.payload.selfieCamera.MountConductance,Components.SelfieCameraUnit.bracket.G,False
Component,Payload,selfieCamera,Components.SelfieCameraUnit,Mechanical,Mass,0.16,kg,True,0.16,0.16,SpacecraftDesignConfig.payload.selfieCamera.Mass,Components.SelfieCameraUnit.cameraBody.m,False
Component,Payload,selfieCamera,Components.SelfieCameraUnit,Mechanical,RCM_X,0,m,True,0.0,0.0,SpacecraftDesignConfig.payload.selfieCamera.RCM_X,Components.SelfieCameraUnit.cameraBody.r_CM[1],False
Component,Payload,selfieCamera,Components.SelfieCameraUnit,Mechanical,RCM_Y,0,m,True,0.0,0.0,SpacecraftDesignConfig.payload.selfieCamera.RCM_Y,Components.SelfieCameraUnit.cameraBody.r_CM[2],False
Component,Payload,selfieCamera,Components.SelfieCameraUnit,Mechanical,RCM_Z,0,m,True,0.0,0.0,SpacecraftDesignConfig.payload.selfieCamera.RCM_Z,Components.SelfieCameraUnit.cameraBody.r_CM[3],False
Component,Payload,selfieCamera,Components.SelfieCameraUnit,Mechanical,Inertia_XX,0.00025,kg·m²,True,0.00025,0.00025,SpacecraftDesignConfig.payload.selfieCamera.Inertia_XX,Components.SelfieCameraUnit.cameraBody.I_11,False
Component,Payload,selfieCamera,Components.SelfieCameraUnit,Mechanical,Inertia_YY,0.0003,kg·m²,True,0.0003,0.0003,SpacecraftDesignConfig.payload.selfieCamera.Inertia_YY,Components.SelfieCameraUnit.cameraBody.I_22,False
Component,Payload,selfieCamera,Components.SelfieCameraUnit,Mechanical,Inertia_ZZ,0.0002,kg·m²,True,0.0002,0.0002,SpacecraftDesignConfig.payload.selfieCamera.Inertia_ZZ,Components.SelfieCameraUnit.cameraBody.I_33,False
Component,Payload,naviEnhance,Components.NaviEnhancePayloadUnit,Electrical,ActiveResistance,51.9,Ω,True,51.9,51.9,SpacecraftDesignConfig.payload.naviEnhance.ActiveResistance,Components.NaviEnhancePayloadUnit.modeCalculation.activeResistance,False
Component,Payload,naviEnhance,Components.NaviEnhancePayloadUnit,Electrical,StandbyResistance,5250,Ω,True,5250.0,5250.0,SpacecraftDesignConfig.payload.naviEnhance.StandbyResistance,Components.NaviEnhancePayloadUnit.modeCalculation.standbyResistance,False
Component,Payload,naviEnhance,Components.NaviEnhancePayloadUnit,Thermal,HeatCapacity,160,J/K,True,160.0,160.0,SpacecraftDesignConfig.payload.naviEnhance.HeatCapacity,Components.NaviEnhancePayloadUnit.processorNode.C,False
Component,Payload,naviEnhance,Components.NaviEnhancePayloadUnit,Thermal,MountConductance,0.34,W/K,True,0.34,0.34,SpacecraftDesignConfig.payload.naviEnhance.MountConductance,Components.NaviEnhancePayloadUnit.deckPath.G,False
Component,Payload,naviEnhance,Components.NaviEnhancePayloadUnit,Mechanical,Mass,0.28,kg,True,0.28,0.28,SpacecraftDesignConfig.payload.naviEnhance.Mass,Components.NaviEnhancePayloadUnit.unitBody.m,False
Component,Payload,naviEnhance,Components.NaviEnhancePayloadUnit,Mechanical,RCM_X,0,m,True,0.0,0.0,SpacecraftDesignConfig.payload.naviEnhance.RCM_X,Components.NaviEnhancePayloadUnit.unitBody.r_CM[1],False
Component,Payload,naviEnhance,Components.NaviEnhancePayloadUnit,Mechanical,RCM_Y,0,m,True,0.0,0.0,SpacecraftDesignConfig.payload.naviEnhance.RCM_Y,Components.NaviEnhancePayloadUnit.unitBody.r_CM[2],False
Component,Payload,naviEnhance,Components.NaviEnhancePayloadUnit,Mechanical,RCM_Z,0,m,True,0.0,0.0,SpacecraftDesignConfig.payload.naviEnhance.RCM_Z,Components.NaviEnhancePayloadUnit.unitBody.r_CM[3],False
Component,Payload,naviEnhance,Components.NaviEnhancePayloadUnit,Mechanical,Inertia_XX,0.0007,kg·m²,True,0.0007,0.0007,SpacecraftDesignConfig.payload.naviEnhance.Inertia_XX,Components.NaviEnhancePayloadUnit.unitBody.I_11,False
Component,Payload,naviEnhance,Components.NaviEnhancePayloadUnit,Mechanical,Inertia_YY,0.0009,kg·m²,True,0.0009,0.0009,SpacecraftDesignConfig.payload.naviEnhance.Inertia_YY,Components.NaviEnhancePayloadUnit.unitBody.I_22,False
Component,Payload,naviEnhance,Components.NaviEnhancePayloadUnit,Mechanical,Inertia_ZZ,0.0007,kg·m²,True,0.0007,0.0007,SpacecraftDesignConfig.payload.naviEnhance.Inertia_ZZ,Components.NaviEnhancePayloadUnit.unitBody.I_33,False
Component,Payload,spaceTime,Components.SpaceTimePayloadUnit,Electrical,ActiveResistance,51.9,Ω,True,51.9,51.9,SpacecraftDesignConfig.payload.spaceTime.ActiveResistance,Components.SpaceTimePayloadUnit.modeCalculation.activeResistance,False
Component,Payload,spaceTime,Components.SpaceTimePayloadUnit,Electrical,StandbyResistance,1312.5,Ω,True,1312.5,1312.5,SpacecraftDesignConfig.payload.spaceTime.StandbyResistance,Components.SpaceTimePayloadUnit.modeCalculation.standbyResistance,False
Component,Payload,spaceTime,Components.SpaceTimePayloadUnit,Electrical,EMIResistance,0.05,Ω,True,0.05,0.05,SpacecraftDesignConfig.payload.spaceTime.EMIResistance,Components.SpaceTimePayloadUnit.emiChoke.R,False
Component,Payload,spaceTime,Components.SpaceTimePayloadUnit,Thermal,HeatCapacity,120,J/K,True,120.0,120.0,SpacecraftDesignConfig.payload.spaceTime.HeatCapacity,Components.SpaceTimePayloadUnit.clockNode.C,False
Component,Payload,spaceTime,Components.SpaceTimePayloadUnit,Thermal,ThermalResistance,3.2,K/W,True,3.2,3.2,SpacecraftDesignConfig.payload.spaceTime.ThermalResistance,Components.SpaceTimePayloadUnit.isolator.R,False
Component,Payload,spaceTime,Components.SpaceTimePayloadUnit,Mechanical,Mass,0.22,kg,True,0.22,0.22,SpacecraftDesignConfig.payload.spaceTime.Mass,Components.SpaceTimePayloadUnit.clockBody.m,False
Component,Payload,spaceTime,Components.SpaceTimePayloadUnit,Mechanical,RCM_X,0,m,True,0.0,0.0,SpacecraftDesignConfig.payload.spaceTime.RCM_X,Components.SpaceTimePayloadUnit.clockBody.r_CM[1],False
Component,Payload,spaceTime,Components.SpaceTimePayloadUnit,Mechanical,RCM_Y,0,m,True,0.0,0.0,SpacecraftDesignConfig.payload.spaceTime.RCM_Y,Components.SpaceTimePayloadUnit.clockBody.r_CM[2],False
Component,Payload,spaceTime,Components.SpaceTimePayloadUnit,Mechanical,RCM_Z,0,m,True,0.0,0.0,SpacecraftDesignConfig.payload.spaceTime.RCM_Z,Components.SpaceTimePayloadUnit.clockBody.r_CM[3],False
Component,Payload,spaceTime,Components.SpaceTimePayloadUnit,Mechanical,Inertia_XX,0.0005,kg·m²,True,0.0005,0.0005,SpacecraftDesignConfig.payload.spaceTime.Inertia_XX,Components.SpaceTimePayloadUnit.clockBody.I_11,False
Component,Payload,spaceTime,Components.SpaceTimePayloadUnit,Mechanical,Inertia_YY,0.0006,kg·m²,True,0.0006,0.0006,SpacecraftDesignConfig.payload.spaceTime.Inertia_YY,Components.SpaceTimePayloadUnit.clockBody.I_22,False
Component,Payload,spaceTime,Components.SpaceTimePayloadUnit,Mechanical,Inertia_ZZ,0.0005,kg·m²,True,0.0005,0.0005,SpacecraftDesignConfig.payload.spaceTime.Inertia_ZZ,Components.SpaceTimePayloadUnit.clockBody.I_33,False
Component,Payload,fotonAmur,Components.FotonAmurPayloadUnit,Configuration,MissionEnabled,False,Boolean,True,False,False,SpacecraftDesignConfig.payload.fotonAmur.MissionEnabled,Components.FotonAmurPayloadUnit.fotonAmurMissionEnabled,False
Component,Payload,fotonAmur,Components.FotonAmurPayloadUnit,Electrical,ElectronicsResistance,12,Ω,True,12.0,12.0,SpacecraftDesignConfig.payload.fotonAmur.ElectronicsResistance,Components.FotonAmurPayloadUnit.sensorElectronics.R,False
Component,Payload,fotonAmur,Components.FotonAmurPayloadUnit,Electrical,EMIResistance,0.05,Ω,True,0.05,0.05,SpacecraftDesignConfig.payload.fotonAmur.EMIResistance,Components.FotonAmurPayloadUnit.emiChoke.R,False
Component,Payload,fotonAmur,Components.FotonAmurPayloadUnit,Thermal,HeatCapacity,420,J/K,True,420.0,420.0,SpacecraftDesignConfig.payload.fotonAmur.HeatCapacity,Components.FotonAmurPayloadUnit.sensorHead.C,False
Component,Payload,fotonAmur,Components.FotonAmurPayloadUnit,Thermal,MountConductance,0.24,W/K,True,0.24,0.24,SpacecraftDesignConfig.payload.fotonAmur.MountConductance,Components.FotonAmurPayloadUnit.deckPath.G,False
Component,Payload,fotonAmur,Components.FotonAmurPayloadUnit,Mechanical,Mass,1.1,kg,True,1.1,1.1,SpacecraftDesignConfig.payload.fotonAmur.Mass,Components.FotonAmurPayloadUnit.payloadBody.m,False
Component,Payload,fotonAmur,Components.FotonAmurPayloadUnit,Mechanical,RCM_X,0,m,True,0.0,0.0,SpacecraftDesignConfig.payload.fotonAmur.RCM_X,Components.FotonAmurPayloadUnit.payloadBody.r_CM[1],False
Component,Payload,fotonAmur,Components.FotonAmurPayloadUnit,Mechanical,RCM_Y,0,m,True,0.0,0.0,SpacecraftDesignConfig.payload.fotonAmur.RCM_Y,Components.FotonAmurPayloadUnit.payloadBody.r_CM[2],False
Component,Payload,fotonAmur,Components.FotonAmurPayloadUnit,Mechanical,RCM_Z,-0.12,m,True,-0.12,-0.12,SpacecraftDesignConfig.payload.fotonAmur.RCM_Z,Components.FotonAmurPayloadUnit.payloadBody.r_CM[3],False
Component,Payload,fotonAmur,Components.FotonAmurPayloadUnit,Mechanical,Inertia_XX,0.014,kg·m²,True,0.014,0.014,SpacecraftDesignConfig.payload.fotonAmur.Inertia_XX,Components.FotonAmurPayloadUnit.payloadBody.I_11,False
Component,Payload,fotonAmur,Components.FotonAmurPayloadUnit,Mechanical,Inertia_YY,0.013,kg·m²,True,0.013,0.013,SpacecraftDesignConfig.payload.fotonAmur.Inertia_YY,Components.FotonAmurPayloadUnit.payloadBody.I_22,False
Component,Payload,fotonAmur,Components.FotonAmurPayloadUnit,Mechanical,Inertia_ZZ,0.009,kg·m²,True,0.009,0.009,SpacecraftDesignConfig.payload.fotonAmur.Inertia_ZZ,Components.FotonAmurPayloadUnit.payloadBody.I_33,False
Component,DataHandling,obc,Components.OnboardComputerUnit,Electrical,ProcessorLoadResistance,34.6,Ω,True,34.6,34.6,SpacecraftDesignConfig.dataHandling.obc.ProcessorLoadResistance,Components.OnboardComputerUnit.cpuLoad.R,False
Component,DataHandling,obc,Components.OnboardComputerUnit,Thermal,CPUHeatCapacity,185,J/K,True,185.0,185.0,SpacecraftDesignConfig.dataHandling.obc.CPUHeatCapacity,Components.OnboardComputerUnit.cpuNode.C,False
Component,DataHandling,obc,Components.OnboardComputerUnit,Thermal,BoardHeatCapacity,260,J/K,True,260.0,260.0,SpacecraftDesignConfig.dataHandling.obc.BoardHeatCapacity,Components.OnboardComputerUnit.boardNode.C,False
Component,DataHandling,obc,Components.OnboardComputerUnit,Thermal,CPUBoardConductance,0.8,W/K,True,0.8,0.8,SpacecraftDesignConfig.dataHandling.obc.CPUBoardConductance,Components.OnboardComputerUnit.cpuBoard.G,False
Component,DataHandling,obc,Components.OnboardComputerUnit,Thermal,BoardMountConductance,0.45,W/K,True,0.45,0.45,SpacecraftDesignConfig.dataHandling.obc.BoardMountConductance,Components.OnboardComputerUnit.boardMount.G,False
Component,DataHandling,obc,Components.OnboardComputerUnit,Mechanical,Mass,0.46,kg,True,0.46,0.46,SpacecraftDesignConfig.dataHandling.obc.Mass,Components.OnboardComputerUnit.obcBody.m,False
Component,DataHandling,obc,Components.OnboardComputerUnit,Mechanical,RCM_X,0,m,True,0.0,0.0,SpacecraftDesignConfig.dataHandling.obc.RCM_X,Components.OnboardComputerUnit.obcBody.r_CM[1],False
Component,DataHandling,obc,Components.OnboardComputerUnit,Mechanical,RCM_Y,0,m,True,0.0,0.0,SpacecraftDesignConfig.dataHandling.obc.RCM_Y,Components.OnboardComputerUnit.obcBody.r_CM[2],False
Component,DataHandling,obc,Components.OnboardComputerUnit,Mechanical,RCM_Z,0,m,True,0.0,0.0,SpacecraftDesignConfig.dataHandling.obc.RCM_Z,Components.OnboardComputerUnit.obcBody.r_CM[3],False
Component,DataHandling,obc,Components.OnboardComputerUnit,Mechanical,Inertia_XX,0.0012,kg·m²,True,0.0012,0.0012,SpacecraftDesignConfig.dataHandling.obc.Inertia_XX,Components.OnboardComputerUnit.obcBody.I_11,False
Component,DataHandling,obc,Components.OnboardComputerUnit,Mechanical,Inertia_YY,0.0015,kg·m²,True,0.0015,0.0015,SpacecraftDesignConfig.dataHandling.obc.Inertia_YY,Components.OnboardComputerUnit.obcBody.I_22,False
Component,DataHandling,obc,Components.OnboardComputerUnit,Mechanical,Inertia_ZZ,0.0011,kg·m²,True,0.0011,0.0011,SpacecraftDesignConfig.dataHandling.obc.Inertia_ZZ,Components.OnboardComputerUnit.obcBody.I_33,False
Component,DataHandling,recorder,Components.DataRecorderUnit,Functional,CapacityBytes,128000000000,byte,True,128000000000.0,128000000000.0,SpacecraftDesignConfig.dataHandling.recorder.CapacityBytes,Components.DataRecorderUnit.capacity,False
Component,DataHandling,recorder,Components.DataRecorderUnit,Electrical,NANDLoadResistance,51.9,Ω,True,51.9,51.9,SpacecraftDesignConfig.dataHandling.recorder.NANDLoadResistance,Components.DataRecorderUnit.nandLoad.R,False
Component,DataHandling,recorder,Components.DataRecorderUnit,Thermal,MemoryHeatCapacity,230,J/K,True,230.0,230.0,SpacecraftDesignConfig.dataHandling.recorder.MemoryHeatCapacity,Components.DataRecorderUnit.memoryNode.C,False
Component,DataHandling,recorder,Components.DataRecorderUnit,Thermal,CardGuideConductance,0.42,W/K,True,0.42,0.42,SpacecraftDesignConfig.dataHandling.recorder.CardGuideConductance,Components.DataRecorderUnit.cardGuide.G,False
Component,DataHandling,recorder,Components.DataRecorderUnit,Mechanical,Mass,0.44,kg,True,0.44,0.44,SpacecraftDesignConfig.dataHandling.recorder.Mass,Components.DataRecorderUnit.recorderBody.m,False
Component,DataHandling,recorder,Components.DataRecorderUnit,Mechanical,RCM_X,0,m,True,0.0,0.0,SpacecraftDesignConfig.dataHandling.recorder.RCM_X,Components.DataRecorderUnit.recorderBody.r_CM[1],False
Component,DataHandling,recorder,Components.DataRecorderUnit,Mechanical,RCM_Y,0,m,True,0.0,0.0,SpacecraftDesignConfig.dataHandling.recorder.RCM_Y,Components.DataRecorderUnit.recorderBody.r_CM[2],False
Component,DataHandling,recorder,Components.DataRecorderUnit,Mechanical,RCM_Z,0,m,True,0.0,0.0,SpacecraftDesignConfig.dataHandling.recorder.RCM_Z,Components.DataRecorderUnit.recorderBody.r_CM[3],False
Component,DataHandling,recorder,Components.DataRecorderUnit,Mechanical,Inertia_XX,0.0013,kg·m²,True,0.0013,0.0013,SpacecraftDesignConfig.dataHandling.recorder.Inertia_XX,Components.DataRecorderUnit.recorderBody.I_11,False
Component,DataHandling,recorder,Components.DataRecorderUnit,Mechanical,Inertia_YY,0.0017,kg·m²,True,0.0017,0.0017,SpacecraftDesignConfig.dataHandling.recorder.Inertia_YY,Components.DataRecorderUnit.recorderBody.I_22,False
Component,DataHandling,recorder,Components.DataRecorderUnit,Mechanical,Inertia_ZZ,0.0012,kg·m²,True,0.0012,0.0012,SpacecraftDesignConfig.dataHandling.recorder.Inertia_ZZ,Components.DataRecorderUnit.recorderBody.I_33,False
Component,Communication,ttcReceiver,Components.RadioReceiverUnit,Electrical,ReceiverLoadResistance,216,Ω,True,216.0,216.0,SpacecraftDesignConfig.communication.ttcReceiver.ReceiverLoadResistance,Components.RadioReceiverUnit.receiverLoad.R,False
Component,Communication,ttcReceiver,Components.RadioReceiverUnit,Electrical,RFChokeResistance,0.05,Ω,True,0.05,0.05,SpacecraftDesignConfig.communication.ttcReceiver.RFChokeResistance,Components.RadioReceiverUnit.rfChoke.R,False
Component,Communication,ttcReceiver,Components.RadioReceiverUnit,Thermal,HeatCapacity,165,J/K,True,165.0,165.0,SpacecraftDesignConfig.communication.ttcReceiver.HeatCapacity,Components.RadioReceiverUnit.rfNode.C,False
Component,Communication,ttcReceiver,Components.RadioReceiverUnit,Thermal,MountConductance,0.36,W/K,True,0.36,0.36,SpacecraftDesignConfig.communication.ttcReceiver.MountConductance,Components.RadioReceiverUnit.chassis.G,False
Component,Communication,ttcReceiver,Components.RadioReceiverUnit,Mechanical,Mass,0.38,kg,True,0.38,0.38,SpacecraftDesignConfig.communication.ttcReceiver.Mass,Components.RadioReceiverUnit.receiverBody.m,False
Component,Communication,ttcReceiver,Components.RadioReceiverUnit,Mechanical,RCM_X,0,m,True,0.0,0.0,SpacecraftDesignConfig.communication.ttcReceiver.RCM_X,Components.RadioReceiverUnit.receiverBody.r_CM[1],False
Component,Communication,ttcReceiver,Components.RadioReceiverUnit,Mechanical,RCM_Y,0,m,True,0.0,0.0,SpacecraftDesignConfig.communication.ttcReceiver.RCM_Y,Components.RadioReceiverUnit.receiverBody.r_CM[2],False
Component,Communication,ttcReceiver,Components.RadioReceiverUnit,Mechanical,RCM_Z,0,m,True,0.0,0.0,SpacecraftDesignConfig.communication.ttcReceiver.RCM_Z,Components.RadioReceiverUnit.receiverBody.r_CM[3],False
Component,Communication,ttcReceiver,Components.RadioReceiverUnit,Mechanical,Inertia_XX,0.0011,kg·m²,True,0.0011,0.0011,SpacecraftDesignConfig.communication.ttcReceiver.Inertia_XX,Components.RadioReceiverUnit.receiverBody.I_11,False
Component,Communication,ttcReceiver,Components.RadioReceiverUnit,Mechanical,Inertia_YY,0.0014,kg·m²,True,0.0014,0.0014,SpacecraftDesignConfig.communication.ttcReceiver.Inertia_YY,Components.RadioReceiverUnit.receiverBody.I_22,False
Component,Communication,ttcReceiver,Components.RadioReceiverUnit,Mechanical,Inertia_ZZ,0.001,kg·m²,True,0.001,0.001,SpacecraftDesignConfig.communication.ttcReceiver.Inertia_ZZ,Components.RadioReceiverUnit.receiverBody.I_33,False
Component,Communication,baseband,Components.LowRateTelemetryTransmitterUnit,Electrical,FPGALoadResistance,15,Ω,True,15.0,15.0,SpacecraftDesignConfig.communication.baseband.FPGALoadResistance,Components.LowRateTelemetryTransmitterUnit.fpgaLoad.R,False
Component,Communication,baseband,Components.LowRateTelemetryTransmitterUnit,Thermal,BoardHeatCapacity,175,J/K,True,175.0,175.0,SpacecraftDesignConfig.communication.baseband.BoardHeatCapacity,Components.LowRateTelemetryTransmitterUnit.board.C,False
Component,Communication,baseband,Components.LowRateTelemetryTransmitterUnit,Thermal,MountConductance,0.4,W/K,True,0.4,0.4,SpacecraftDesignConfig.communication.baseband.MountConductance,Components.LowRateTelemetryTransmitterUnit.guide.G,False
Component,Communication,baseband,Components.LowRateTelemetryTransmitterUnit,Mechanical,Mass,0.34,kg,True,0.34,0.34,SpacecraftDesignConfig.communication.baseband.Mass,Components.LowRateTelemetryTransmitterUnit.basebandBody.m,False
Component,Communication,baseband,Components.LowRateTelemetryTransmitterUnit,Mechanical,RCM_X,0,m,True,0.0,0.0,SpacecraftDesignConfig.communication.baseband.RCM_X,Components.LowRateTelemetryTransmitterUnit.basebandBody.r_CM[1],False
Component,Communication,baseband,Components.LowRateTelemetryTransmitterUnit,Mechanical,RCM_Y,0,m,True,0.0,0.0,SpacecraftDesignConfig.communication.baseband.RCM_Y,Components.LowRateTelemetryTransmitterUnit.basebandBody.r_CM[2],False
Component,Communication,baseband,Components.LowRateTelemetryTransmitterUnit,Mechanical,RCM_Z,0,m,True,0.0,0.0,SpacecraftDesignConfig.communication.baseband.RCM_Z,Components.LowRateTelemetryTransmitterUnit.basebandBody.r_CM[3],False
Component,Communication,baseband,Components.LowRateTelemetryTransmitterUnit,Mechanical,Inertia_XX,0.0009,kg·m²,True,0.0009,0.0009,SpacecraftDesignConfig.communication.baseband.Inertia_XX,Components.LowRateTelemetryTransmitterUnit.basebandBody.I_11,False
Component,Communication,baseband,Components.LowRateTelemetryTransmitterUnit,Mechanical,Inertia_YY,0.0012,kg·m²,True,0.0012,0.0012,SpacecraftDesignConfig.communication.baseband.Inertia_YY,Components.LowRateTelemetryTransmitterUnit.basebandBody.I_22,False
Component,Communication,baseband,Components.LowRateTelemetryTransmitterUnit,Mechanical,Inertia_ZZ,0.0009,kg·m²,True,0.0009,0.0009,SpacecraftDesignConfig.communication.baseband.Inertia_ZZ,Components.LowRateTelemetryTransmitterUnit.basebandBody.I_33,False
Component,Communication,xband,Components.XBandTransmitterUnit,Functional,NominalDataRate,6250000,byte/s,True,6250000.0,6250000.0,SpacecraftDesignConfig.communication.xband.NominalDataRate,Components.XBandTransmitterUnit.nominalPayloadDataRate,False
Component,Communication,xband,Components.XBandTransmitterUnit,Functional,HighPerformanceDataRate,18750000,byte/s,True,18750000.0,18750000.0,SpacecraftDesignConfig.communication.xband.HighPerformanceDataRate,Components.XBandTransmitterUnit.highPerformancePayloadDataRate,False
Component,Communication,xband,Components.XBandTransmitterUnit,Configuration,UseHighPerformanceDataRate,False,Boolean,True,False,False,SpacecraftDesignConfig.communication.xband.UseHighPerformanceDataRate,Components.XBandTransmitterUnit.useHighPerformanceDataRate,False
Component,Communication,xband,Components.XBandTransmitterUnit,Electrical,PowerAmplifierResistance,5.8,Ω,True,5.8,5.8,SpacecraftDesignConfig.communication.xband.PowerAmplifierResistance,Components.XBandTransmitterUnit.powerAmplifier.R,False
Component,Communication,xband,Components.XBandTransmitterUnit,Electrical,OutputMatchResistance,0.05,Ω,True,0.05,0.05,SpacecraftDesignConfig.communication.xband.OutputMatchResistance,Components.XBandTransmitterUnit.outputMatch.R,False
Component,Communication,xband,Components.XBandTransmitterUnit,Thermal,PAHeatCapacity,310,J/K,True,310.0,310.0,SpacecraftDesignConfig.communication.xband.PAHeatCapacity,Components.XBandTransmitterUnit.paNode.C,False
Component,Communication,xband,Components.XBandTransmitterUnit,Thermal,RadiatorConductance,0.65,W/K,True,0.65,0.65,SpacecraftDesignConfig.communication.xband.RadiatorConductance,Components.XBandTransmitterUnit.radiatorPath.G,False
Component,Communication,xband,Components.XBandTransmitterUnit,Mechanical,Mass,0.62,kg,True,0.62,0.62,SpacecraftDesignConfig.communication.xband.Mass,Components.XBandTransmitterUnit.transmitterBody.m,False
Component,Communication,xband,Components.XBandTransmitterUnit,Mechanical,RCM_X,0,m,True,0.0,0.0,SpacecraftDesignConfig.communication.xband.RCM_X,Components.XBandTransmitterUnit.transmitterBody.r_CM[1],False
Component,Communication,xband,Components.XBandTransmitterUnit,Mechanical,RCM_Y,0,m,True,0.0,0.0,SpacecraftDesignConfig.communication.xband.RCM_Y,Components.XBandTransmitterUnit.transmitterBody.r_CM[2],False
Component,Communication,xband,Components.XBandTransmitterUnit,Mechanical,RCM_Z,0,m,True,0.0,0.0,SpacecraftDesignConfig.communication.xband.RCM_Z,Components.XBandTransmitterUnit.transmitterBody.r_CM[3],False
Component,Communication,xband,Components.XBandTransmitterUnit,Mechanical,Inertia_XX,0.002,kg·m²,True,0.002,0.002,SpacecraftDesignConfig.communication.xband.Inertia_XX,Components.XBandTransmitterUnit.transmitterBody.I_11,False
Component,Communication,xband,Components.XBandTransmitterUnit,Mechanical,Inertia_YY,0.0026,kg·m²,True,0.0026,0.0026,SpacecraftDesignConfig.communication.xband.Inertia_YY,Components.XBandTransmitterUnit.transmitterBody.I_22,False
Component,Communication,xband,Components.XBandTransmitterUnit,Mechanical,Inertia_ZZ,0.0018,kg·m²,True,0.0018,0.0018,SpacecraftDesignConfig.communication.xband.Inertia_ZZ,Components.XBandTransmitterUnit.transmitterBody.I_33,False
Component,Communication,antenna,Components.AntennaUnit,Thermal,PatchHeatCapacity,105,J/K,True,105.0,105.0,SpacecraftDesignConfig.communication.antenna.PatchHeatCapacity,Components.AntennaUnit.patchNode.C,False
Component,Communication,antenna,Components.AntennaUnit,Thermal,RFDeckConductance,0.14,W/K,True,0.14,0.14,SpacecraftDesignConfig.communication.antenna.RFDeckConductance,Components.AntennaUnit.rfDeck.G,False
Component,Communication,antenna,Components.AntennaUnit,Mechanical,MastOffsetZ,0.22,m,True,0.22,0.22,SpacecraftDesignConfig.communication.antenna.MastOffsetZ,Components.AntennaUnit.antennaMast.r[3],False
Component,Communication,antenna,Components.AntennaUnit,Mechanical,Mass,0.24,kg,True,0.24,0.24,SpacecraftDesignConfig.communication.antenna.Mass,Components.AntennaUnit.antennaMass.m,False
Component,Communication,antenna,Components.AntennaUnit,Mechanical,RCM_X,0,m,True,0.0,0.0,SpacecraftDesignConfig.communication.antenna.RCM_X,Components.AntennaUnit.antennaMass.r_CM[1],False
Component,Communication,antenna,Components.AntennaUnit,Mechanical,RCM_Y,0,m,True,0.0,0.0,SpacecraftDesignConfig.communication.antenna.RCM_Y,Components.AntennaUnit.antennaMass.r_CM[2],False
Component,Communication,antenna,Components.AntennaUnit,Mechanical,RCM_Z,0.22,m,True,0.22,0.22,SpacecraftDesignConfig.communication.antenna.RCM_Z,Components.AntennaUnit.antennaMass.r_CM[3],False
Component,Communication,antenna,Components.AntennaUnit,Mechanical,Inertia_XX,0.0028,kg·m²,True,0.0028,0.0028,SpacecraftDesignConfig.communication.antenna.Inertia_XX,Components.AntennaUnit.antennaMass.I_11,False
Component,Communication,antenna,Components.AntennaUnit,Mechanical,Inertia_YY,0.0028,kg·m²,True,0.0028,0.0028,SpacecraftDesignConfig.communication.antenna.Inertia_YY,Components.AntennaUnit.antennaMass.I_22,False
Component,Communication,antenna,Components.AntennaUnit,Mechanical,Inertia_ZZ,0.0004,kg·m²,True,0.0004,0.0004,SpacecraftDesignConfig.communication.antenna.Inertia_ZZ,Components.AntennaUnit.antennaMass.I_33,False
Component,Navigation,gnss,Components.GPSReceiverUnit,Electrical,RFDigitalLoadResistance,51.9,Ω,True,51.9,51.9,SpacecraftDesignConfig.navigation.gnss.RFDigitalLoadResistance,Components.GPSReceiverUnit.rfDigitalLoad.R,False
Component,Navigation,gnss,Components.GPSReceiverUnit,Thermal,HeatCapacity,190,J/K,True,190.0,190.0,SpacecraftDesignConfig.navigation.gnss.HeatCapacity,Components.GPSReceiverUnit.receiverNode.C,False
Component,Navigation,gnss,Components.GPSReceiverUnit,Thermal,MountConductance,0.35,W/K,True,0.35,0.35,SpacecraftDesignConfig.navigation.gnss.MountConductance,Components.GPSReceiverUnit.baseplate.G,False
Component,Navigation,gnss,Components.GPSReceiverUnit,Mechanical,Mass,0.31,kg,True,0.31,0.31,SpacecraftDesignConfig.navigation.gnss.Mass,Components.GPSReceiverUnit.boardBody.m,False
Component,Navigation,gnss,Components.GPSReceiverUnit,Mechanical,RCM_X,0,m,True,0.0,0.0,SpacecraftDesignConfig.navigation.gnss.RCM_X,Components.GPSReceiverUnit.boardBody.r_CM[1],False
Component,Navigation,gnss,Components.GPSReceiverUnit,Mechanical,RCM_Y,0,m,True,0.0,0.0,SpacecraftDesignConfig.navigation.gnss.RCM_Y,Components.GPSReceiverUnit.boardBody.r_CM[2],False
Component,Navigation,gnss,Components.GPSReceiverUnit,Mechanical,RCM_Z,0,m,True,0.0,0.0,SpacecraftDesignConfig.navigation.gnss.RCM_Z,Components.GPSReceiverUnit.boardBody.r_CM[3],False
Component,Navigation,gnss,Components.GPSReceiverUnit,Mechanical,Inertia_XX,0.0008,kg·m²,True,0.0008,0.0008,SpacecraftDesignConfig.navigation.gnss.Inertia_XX,Components.GPSReceiverUnit.boardBody.I_11,False
Component,Navigation,gnss,Components.GPSReceiverUnit,Mechanical,Inertia_YY,0.0011,kg·m²,True,0.0011,0.0011,SpacecraftDesignConfig.navigation.gnss.Inertia_YY,Components.GPSReceiverUnit.boardBody.I_22,False
Component,Navigation,gnss,Components.GPSReceiverUnit,Mechanical,Inertia_ZZ,0.0009,kg·m²,True,0.0009,0.0009,SpacecraftDesignConfig.navigation.gnss.Inertia_ZZ,Components.GPSReceiverUnit.boardBody.I_33,False
Component,ThermalControl,controller,Components.ThermalControllerUnit,Electrical,BoardLoadResistance,34.6,Ω,True,34.6,34.6,SpacecraftDesignConfig.thermalControl.controller.BoardLoadResistance,Components.ThermalControllerUnit.boardLoad.R,False
Component,ThermalControl,controller,Components.ThermalControllerUnit,Thermal,BoardHeatCapacity,270,J/K,True,270.0,270.0,SpacecraftDesignConfig.thermalControl.controller.BoardHeatCapacity,Components.ThermalControllerUnit.boardNode.C,False
Component,ThermalControl,controller,Components.ThermalControllerUnit,Thermal,MountConductance,0.52,W/K,True,0.52,0.52,SpacecraftDesignConfig.thermalControl.controller.MountConductance,Components.ThermalControllerUnit.baseplate.G,False
Component,ThermalControl,controller,Components.ThermalControllerUnit,Mechanical,Mass,0.48,kg,True,0.48,0.48,SpacecraftDesignConfig.thermalControl.controller.Mass,Components.ThermalControllerUnit.tcbBody.m,False
Component,ThermalControl,controller,Components.ThermalControllerUnit,Mechanical,RCM_X,0,m,True,0.0,0.0,SpacecraftDesignConfig.thermalControl.controller.RCM_X,Components.ThermalControllerUnit.tcbBody.r_CM[1],False
Component,ThermalControl,controller,Components.ThermalControllerUnit,Mechanical,RCM_Y,0,m,True,0.0,0.0,SpacecraftDesignConfig.thermalControl.controller.RCM_Y,Components.ThermalControllerUnit.tcbBody.r_CM[2],False
Component,ThermalControl,controller,Components.ThermalControllerUnit,Mechanical,RCM_Z,0,m,True,0.0,0.0,SpacecraftDesignConfig.thermalControl.controller.RCM_Z,Components.ThermalControllerUnit.tcbBody.r_CM[3],False
Component,ThermalControl,controller,Components.ThermalControllerUnit,Mechanical,Inertia_XX,0.0014,kg·m²,True,0.0014,0.0014,SpacecraftDesignConfig.thermalControl.controller.Inertia_XX,Components.ThermalControllerUnit.tcbBody.I_11,False
Component,ThermalControl,controller,Components.ThermalControllerUnit,Mechanical,Inertia_YY,0.0018,kg·m²,True,0.0018,0.0018,SpacecraftDesignConfig.thermalControl.controller.Inertia_YY,Components.ThermalControllerUnit.tcbBody.I_22,False
Component,ThermalControl,controller,Components.ThermalControllerUnit,Mechanical,Inertia_ZZ,0.0013,kg·m²,True,0.0013,0.0013,SpacecraftDesignConfig.thermalControl.controller.Inertia_ZZ,Components.ThermalControllerUnit.tcbBody.I_33,False
Component,ThermalControl,heaters,Components.HeaterRadiatorUnit,Electrical,HeaterResistance,144,Ω,True,144.0,144.0,SpacecraftDesignConfig.thermalControl.heaters.HeaterResistance,Components.HeaterRadiatorUnit.heaterCalculation[*].heaterResistance,False
Component,ThermalControl,heaters,Components.HeaterRadiatorUnit,Thermal,HeaterDeckHeatCapacity,560,J/K,True,560.0,560.0,SpacecraftDesignConfig.thermalControl.heaters.HeaterDeckHeatCapacity,Components.HeaterRadiatorUnit.heaterDeck.C,False
Component,ThermalControl,heaters,Components.HeaterRadiatorUnit,Thermal,RadiatorConductance,0.3,W/K,True,0.3,0.3,SpacecraftDesignConfig.thermalControl.heaters.RadiatorConductance,Components.HeaterRadiatorUnit.radiator.G,False
Component,ThermalControl,heaters,Components.HeaterRadiatorUnit,Mechanical,Mass,0.55,kg,True,0.55,0.55,SpacecraftDesignConfig.thermalControl.heaters.Mass,Components.HeaterRadiatorUnit.harnessMass.m,False
Component,ThermalControl,heaters,Components.HeaterRadiatorUnit,Mechanical,RCM_X,0,m,True,0.0,0.0,SpacecraftDesignConfig.thermalControl.heaters.RCM_X,Components.HeaterRadiatorUnit.harnessMass.r_CM[1],False
Component,ThermalControl,heaters,Components.HeaterRadiatorUnit,Mechanical,RCM_Y,0,m,True,0.0,0.0,SpacecraftDesignConfig.thermalControl.heaters.RCM_Y,Components.HeaterRadiatorUnit.harnessMass.r_CM[2],False
Component,ThermalControl,heaters,Components.HeaterRadiatorUnit,Mechanical,RCM_Z,0,m,True,0.0,0.0,SpacecraftDesignConfig.thermalControl.heaters.RCM_Z,Components.HeaterRadiatorUnit.harnessMass.r_CM[3],False
Component,ThermalControl,heaters,Components.HeaterRadiatorUnit,Mechanical,Inertia_XX,0.006,kg·m²,True,0.006,0.006,SpacecraftDesignConfig.thermalControl.heaters.Inertia_XX,Components.HeaterRadiatorUnit.harnessMass.I_11,False
Component,ThermalControl,heaters,Components.HeaterRadiatorUnit,Mechanical,Inertia_YY,0.006,kg·m²,True,0.006,0.006,SpacecraftDesignConfig.thermalControl.heaters.Inertia_YY,Components.HeaterRadiatorUnit.harnessMass.I_22,False
Component,ThermalControl,heaters,Components.HeaterRadiatorUnit,Mechanical,Inertia_ZZ,0.004,kg·m²,True,0.004,0.004,SpacecraftDesignConfig.thermalControl.heaters.Inertia_ZZ,Components.HeaterRadiatorUnit.harnessMass.I_33,False
Component,ThermalControl,thermalOverall,Systems.Four_systems.ThermalOverall,Thermal,BodySolarAbsorptivity,0.6,1,True,0.6,0.6,SpacecraftDesignConfig.thermalControl.overall.BodySolarAbsorptivity,Systems.Four_systems.ThermalOverall.bodySolarAbsorptivity,False
Component,ThermalControl,thermalOverall,Systems.Four_systems.ThermalOverall,Thermal,BodyInfraredAbsorptivity,0.8,1,True,0.8,0.8,SpacecraftDesignConfig.thermalControl.overall.BodyInfraredAbsorptivity,Systems.Four_systems.ThermalOverall.bodyInfraredAbsorptivity,False
Component,ThermalControl,thermalOverall,Systems.Four_systems.ThermalOverall,Thermal,ExternalEmissivity,0.8,1,True,0.8,0.8,SpacecraftDesignConfig.thermalControl.overall.ExternalEmissivity,Systems.Four_systems.ThermalOverall.externalEmissivity,False
Component,ThermalControl,thermalOverall,Systems.Four_systems.ThermalOverall,Thermal,BusDeckHeatCapacity,2200,J/K,True,2200.0,2200.0,SpacecraftDesignConfig.thermalControl.overall.BusDeckHeatCapacity,Systems.Four_systems.ThermalOverall.busDeck.C,False
Component,ThermalControl,thermalOverall,Systems.Four_systems.ThermalOverall,Thermal,ExternalShellHeatCapacity,900,J/K,True,900.0,900.0,SpacecraftDesignConfig.thermalControl.overall.ExternalShellHeatCapacity,Systems.Four_systems.ThermalOverall.externalShell.C,False
Component,ThermalControl,thermalOverall,Systems.Four_systems.ThermalOverall,Thermal,ShellToBusConductance,2.5,W/K,True,2.5,2.5,SpacecraftDesignConfig.thermalControl.overall.ShellToBusConductance,Systems.Four_systems.ThermalOverall.shellToBus.G,False
Component,Structure,structure,Components.StructureAssembly12U,Mechanical,PrimaryStructureMass,3.03739752,kg,True,3.03739752,3.03739752,SpacecraftDesignConfig.structure.structure.PrimaryStructureMass,Foundation.Types.MassProperties.primaryStructureMass,False
Component,Structure,structure,Components.StructureAssembly12U,Mechanical,PrimaryFrameWidth,0.226,m,True,0.226,0.226,SpacecraftDesignConfig.structure.structure.PrimaryFrameWidth,Components.StructureAssembly12U.primaryFrame.width,False
Component,Structure,structure,Components.StructureAssembly12U,Mechanical,PrimaryFrameHeight,0.226,m,True,0.226,0.226,SpacecraftDesignConfig.structure.structure.PrimaryFrameHeight,Components.StructureAssembly12U.primaryFrame.height,False
Component,Structure,structure,Components.StructureAssembly12U,Mechanical,PrimaryFrameLength,0.34,m,True,0.34,0.34,SpacecraftDesignConfig.structure.structure.PrimaryFrameLength,Components.StructureAssembly12U.primaryFrame.length / r[3],False
Component,Structure,structure,Components.StructureAssembly12U,Mechanical,PayloadDeckOffsetZ,0.12,m,True,0.12,0.12,SpacecraftDesignConfig.structure.structure.PayloadDeckOffsetZ,Components.StructureAssembly12U.payloadDeck.r[3],False
Component,Structure,structure,Components.StructureAssembly12U,Mechanical,AvionicsDeckOffsetZ,-0.12,m,True,-0.12,-0.12,SpacecraftDesignConfig.structure.structure.AvionicsDeckOffsetZ,Components.StructureAssembly12U.avionicsDeck.r[3],False
Component,Structure,structure,Components.StructureAssembly12U,Mechanical,LowerDeckWidth,0.22,m,True,0.22,0.22,SpacecraftDesignConfig.structure.structure.LowerDeckWidth,Components.StructureAssembly12U.lowerDeck.width,False
Component,Structure,structure,Components.StructureAssembly12U,Mechanical,LowerDeckHeight,0.22,m,True,0.22,0.22,SpacecraftDesignConfig.structure.structure.LowerDeckHeight,Components.StructureAssembly12U.lowerDeck.height,False
Component,Structure,structure,Components.StructureAssembly12U,Mechanical,LowerDeckThickness,0.012,m,True,0.012,0.012,SpacecraftDesignConfig.structure.structure.LowerDeckThickness,Components.StructureAssembly12U.lowerDeck.length / r[3],False
Component,Structure,structure,Components.StructureAssembly12U,Mechanical,LowerDeckDensity,655,kg/m³,True,655.0,655.0,SpacecraftDesignConfig.structure.structure.LowerDeckDensity,Components.StructureAssembly12U.lowerDeck.density,False
Component,Structure,structure,Components.StructureAssembly12U,Thermal,RailHeatCapacity,1450,J/K,True,1450.0,1450.0,SpacecraftDesignConfig.structure.structure.RailHeatCapacity,Components.StructureAssembly12U.railNode.C,False
Component,Structure,structure,Components.StructureAssembly12U,Thermal,PanelHeatCapacity,980,J/K,True,980.0,980.0,SpacecraftDesignConfig.structure.structure.PanelHeatCapacity,Components.StructureAssembly12U.panelNode.C,False
Component,Structure,structure,Components.StructureAssembly12U,Thermal,RailPanelConductance,1.6,W/K,True,1.6,1.6,SpacecraftDesignConfig.structure.structure.RailPanelConductance,Components.StructureAssembly12U.railPanel.G,False
Component,Structure,structure,Components.StructureAssembly12U,Thermal,MountInterfaceConductance,2.2,W/K,True,2.2,2.2,SpacecraftDesignConfig.structure.structure.MountInterfaceConductance,Components.StructureAssembly12U.mountInterface.G,False
Orbit,Mission,orbit,,,SemiMajorAxis,6835.3614,km,True,6835361.4,6835361.4,Scenarios.OrbitConfig.semiMajorAxis,Scenarios.OrbitConfig.semiMajorAxis,False
Orbit,Mission,orbit,,,Eccentricity,0.002106700032949448,1,True,0.002106700032949448,0.002106700032949448,Scenarios.OrbitConfig.eccentricity,Scenarios.OrbitConfig.eccentricity,False
Orbit,Mission,orbit,,,Inclination,97.43148304097,deg,True,1.7005001741659893,1.7005001741659893,Scenarios.OrbitConfig.inclination,Scenarios.OrbitConfig.inclination,False
Orbit,Mission,orbit,,,InitialRAAN,135.81746770934,deg,True,2.3704619932490054,2.3704619932490054,Scenarios.OrbitConfig.initialRAAN,Scenarios.OrbitConfig.initialRAAN,False
Orbit,Mission,orbit,,,InitialMeanAnomaly,268.81290697642,deg,True,4.691670298595813,4.691670298595813,Scenarios.OrbitConfig.initialMeanAnomaly,Scenarios.OrbitConfig.initialMeanAnomaly,False
Orbit,Mission,orbit,,,ArgumentOfPerigee,0,deg,True,0.0,0.0,Scenarios.OrbitConfig.argumentOfPerigee,Scenarios.OrbitConfig.argumentOfPerigee,False
Orbit,Mission,orbit,,,InitialEpoch,0,s,True,0.0,0.0,Scenarios.OrbitConfig.initialEpoch,Scenarios.OrbitConfig.initialEpoch,False
Orbit,Mission,orbit,,,StateInputMode,Cartesian,text,False,Cartesian,Cartesian,Scenarios.OrbitConfig.stateInputMode,Scenarios.OrbitConfig.stateInputMode,False
Orbit,Mission,orbit,,,StateFrame,GCRS,text,False,GCRS,GCRS,Scenarios.OrbitConfig.stateFrame,Scenarios.OrbitConfig.stateFrame,False
Orbit,Mission,orbit,,,StateEpochDateTime,,datetime,False,,,Scenarios.OrbitConfig.stateEpochUTC,Scenarios.OrbitConfig.stateEpochUTC,False
Orbit,Mission,orbit,,,X0,-493801.273999,m,False,-493801.273999,-493801.273999,Scenarios.OrbitConfig.inputPosition[1],Scenarios.OrbitConfig.inputPosition[1],False
Orbit,Mission,orbit,,,Y0,-752595.496556,m,False,-752595.496556,-752595.496556,Scenarios.OrbitConfig.inputPosition[2],Scenarios.OrbitConfig.inputPosition[2],False
Orbit,Mission,orbit,,,Z0,-6776165.492715,m,False,-6776165.492715,-6776165.492715,Scenarios.OrbitConfig.inputPosition[3],Scenarios.OrbitConfig.inputPosition[3],False
Orbit,Mission,orbit,,,VX0,-5490.252537677,m/s,False,-5490.252537677,-5490.252537677,Scenarios.OrbitConfig.inputVelocity[1],Scenarios.OrbitConfig.inputVelocity[1],False
Orbit,Mission,orbit,,,VY0,5304.349223451,m/s,False,5304.349223451,5304.349223451,Scenarios.OrbitConfig.inputVelocity[2],Scenarios.OrbitConfig.inputVelocity[2],False
Orbit,Mission,orbit,,,VZ0,-172.811574358,m/s,False,-172.811574358,-172.811574358,Scenarios.OrbitConfig.inputVelocity[3],Scenarios.OrbitConfig.inputVelocity[3],False
InitialConditions,Scenario,initialConditions,,,OperationalSnapshotStart,True,Boolean,True,True,True,Scenarios.ScenarioConfig.operationalSnapshotStart,Scenarios.ScenarioConfig.operationalSnapshotStart,False
InitialConditions,AOCS,initialConditions,,,InitialRoll,0,deg,True,0.0,0.0,Scenarios.InitialConditionConfig.roll,Scenarios.InitialConditionConfig.roll,False
InitialConditions,AOCS,initialConditions,,,InitialPitch,21.69859925096,deg,True,0.37871200000002736,0.37871200000002736,Scenarios.InitialConditionConfig.pitch,Scenarios.InitialConditionConfig.pitch,False
InitialConditions,AOCS,initialConditions,,,InitialYaw,0,deg,True,0.0,0.0,Scenarios.InitialConditionConfig.yaw,Scenarios.InitialConditionConfig.yaw,False
InitialConditions,AOCS,initialConditions,,,InitialWx,-0.00191946591,deg/s,True,-3.350100000928915e-05,-3.350100000928915e-05,Scenarios.InitialConditionConfig.wx,Scenarios.InitialConditionConfig.wx,False
InitialConditions,AOCS,initialConditions,,,InitialWy,-0.00418253461,deg/s,True,-7.299900002311695e-05,-7.299900002311695e-05,Scenarios.InitialConditionConfig.wy,Scenarios.InitialConditionConfig.wy,False
InitialConditions,AOCS,initialConditions,,,InitialWz,-0.00095947512,deg/s,True,-1.6745999934967696e-05,-1.6745999934967696e-05,Scenarios.InitialConditionConfig.wz,Scenarios.InitialConditionConfig.wz,False
InitialConditions,EPS,initialConditions,,,BatterySOC,0.8,1,True,0.8,0.8,Scenarios.InitialConditionConfig.batterySOC,Scenarios.InitialConditionConfig.batterySOC,False
InitialConditions,Thermal,initialConditions,,,BatteryCellTemperature,6.76,degC,True,279.90999999999997,279.90999999999997,Scenarios.InitialConditionConfig.batteryCellTemperature,Scenarios.InitialConditionConfig.batteryCellTemperature,False
InitialConditions,Thermal,initialConditions,,,BatteryEnclosureTemperature,6.11,degC,True,279.26,279.26,Scenarios.InitialConditionConfig.batteryEnclosureTemperature,Scenarios.InitialConditionConfig.batteryEnclosureTemperature,False
InitialConditions,DataHandling,initialConditions,,,OBCCPUTemperature,4.78,degC,True,277.92999999999995,277.92999999999995,Scenarios.InitialConditionConfig.obcCpuTemperature,Scenarios.InitialConditionConfig.obcCpuTemperature,False
InitialConditions,DataHandling,initialConditions,,,OBCBoardTemperature,3.79,degC,True,276.94,276.94,Scenarios.InitialConditionConfig.obcBoardTemperature,Scenarios.InitialConditionConfig.obcBoardTemperature,False
InitialConditions,Thermal,initialConditions,,,BusDeckTemperature,1.99,degC,True,275.14,275.14,Scenarios.InitialConditionConfig.busDeckTemperature,Scenarios.InitialConditionConfig.busDeckTemperature,False
InitialConditions,Thermal,initialConditions,,,ExternalShellTemperature,-7.01,degC,True,266.14,266.14,Scenarios.InitialConditionConfig.externalShellTemperature,Scenarios.InitialConditionConfig.externalShellTemperature,False
InitialConditions,EPS,initialConditions,,,PCDUBoardTemperature,15.21,degC,True,288.35999999999996,288.35999999999996,Scenarios.InitialConditionConfig.pcduBoardTemperature,Scenarios.InitialConditionConfig.pcduBoardTemperature,False
InitialConditions,Payload,initialConditions,,,CameraOpticalBenchTemperature,2.68,degC,True,275.83,275.83,Scenarios.InitialConditionConfig.cameraOpticalBenchTemperature,Scenarios.InitialConditionConfig.cameraOpticalBenchTemperature,False
InitialConditions,Payload,initialConditions,,,CameraFocalBoxTemperature,2.66,degC,True,275.81,275.81,Scenarios.InitialConditionConfig.cameraFocalBoxTemperature,Scenarios.InitialConditionConfig.cameraFocalBoxTemperature,False
InitialConditions,DataHandling,initialConditions,,,DataRecorderStoredData,38.4,GB,True,38400000000.0,38400000000.0,Scenarios.InitialConditionConfig.dataRecorderStoredBytes,Scenarios.InitialConditionConfig.dataRecorderStoredBytes,False
InitialConditions,AOCS,initialConditions,,,ReactionWheelXSpeed,56.5,rad/s,True,56.5,56.5,Scenarios.InitialConditionConfig.wheelSpeed[1],Scenarios.InitialConditionConfig.wheelSpeed[1],False
InitialConditions,AOCS,initialConditions,,,ReactionWheelYSpeed,153.8,rad/s,True,153.8,153.8,Scenarios.InitialConditionConfig.wheelSpeed[2],Scenarios.InitialConditionConfig.wheelSpeed[2],False
InitialConditions,AOCS,initialConditions,,,ReactionWheelZSpeed,-161.6,rad/s,True,-161.6,-161.6,Scenarios.InitialConditionConfig.wheelSpeed[3],Scenarios.InitialConditionConfig.wheelSpeed[3],False
InitialConditions,AOCS,initialConditions,,,ReactionWheelSSpeed,-7.8,rad/s,True,-7.8,-7.8,Scenarios.InitialConditionConfig.wheelSpeed[4],Scenarios.InitialConditionConfig.wheelSpeed[4],False
GroundStations,Mission,slot1,,,Beijing,"{""Slot"": 1, ""Enabled"": true, ""ID"": 1, ""Name"": ""Beijing"", ""Latitude_deg"": 40.4, ""Longitude_deg"": 116.4, ""Altitude_m"": 0, ""MinElevation_deg"": 10, ""Priority"": 1, ""ModelicaTarget"": ""Scenarios.ScenarioConfig.groundStations[1]"", ""Notes"": ""每行对应固定数组槽位；Enabled=FALSE时保留记录但不参与计算。""}",mixed,False,"{""enabled"": true, ""id"": 1, ""name"": ""Beijing"", ""latitude"": 0.7051130178057091, ""longitude"": 2.0315632493213998, ""altitude"": 0.0, ""minimumElevation"": 0.17453292519943295, ""priority"": 1}",record,Scenarios.ScenarioConfig.groundStations[1],Scenarios.ScenarioConfig.groundStations[1],True
GroundStations,Mission,slot2,,,Kiruna,"{""Slot"": 2, ""Enabled"": true, ""ID"": 2, ""Name"": ""Kiruna"", ""Latitude_deg"": 67.9, ""Longitude_deg"": 18.4, ""Altitude_m"": 0, ""MinElevation_deg"": 10, ""Priority"": 2, ""ModelicaTarget"": ""Scenarios.ScenarioConfig.groundStations[2]"", ""Notes"": ""每行对应固定数组槽位；Enabled=FALSE时保留记录但不参与计算。""}",mixed,False,"{""enabled"": true, ""id"": 2, ""name"": ""Kiruna"", ""latitude"": 1.18507856210415, ""longitude"": 0.32114058236695664, ""altitude"": 0.0, ""minimumElevation"": 0.17453292519943295, ""priority"": 2}",record,Scenarios.ScenarioConfig.groundStations[2],Scenarios.ScenarioConfig.groundStations[2],True
GroundStations,Mission,slot3,,,PuntaArenas,"{""Slot"": 3, ""Enabled"": true, ""ID"": 3, ""Name"": ""PuntaArenas"", ""Latitude_deg"": -53.1, ""Longitude_deg"": -70.7, ""Altitude_m"": 0, ""MinElevation_deg"": 10, ""Priority"": 3, ""ModelicaTarget"": ""Scenarios.ScenarioConfig.groundStations[3]"", ""Notes"": ""每行对应固定数组槽位；Enabled=FALSE时保留记录但不参与计算。""}",mixed,False,"{""enabled"": true, ""id"": 3, ""name"": ""PuntaArenas"", ""latitude"": -0.9267698328089891, ""longitude"": -1.233947781159991, ""altitude"": 0.0, ""minimumElevation"": 0.17453292519943295, ""priority"": 3}",record,Scenarios.ScenarioConfig.groundStations[3],Scenarios.ScenarioConfig.groundStations[3],True
GroundStations,Mission,slot4,,,Miyun,"{""Slot"": 4, ""Enabled"": false, ""ID"": 4, ""Name"": ""Miyun"", ""Latitude_deg"": 40.4508, ""Longitude_deg"": 116.8567, ""Altitude_m"": 109, ""MinElevation_deg"": 10, ""Priority"": 4, ""ModelicaTarget"": ""Scenarios.ScenarioConfig.groundStations[4]"", ""Notes"": ""每行对应固定数组槽位；Enabled=FALSE时保留记录但不参与计算。""}",mixed,False,"{""enabled"": false, ""id"": 4, ""name"": ""Miyun"", ""latitude"": 0.7059996450657223, ""longitude"": 2.039534168015258, ""altitude"": 109.0, ""minimumElevation"": 0.17453292519943295, ""priority"": 4}",record,Scenarios.ScenarioConfig.groundStations[4],Scenarios.ScenarioConfig.groundStations[4],True
GroundStations,Mission,slot5,,,Kashgar,"{""Slot"": 5, ""Enabled"": false, ""ID"": 5, ""Name"": ""Kashgar"", ""Latitude_deg"": 39.5051, ""Longitude_deg"": 75.9929, ""Altitude_m"": 1307, ""MinElevation_deg"": 10, ""Priority"": 5, ""ModelicaTarget"": ""Scenarios.ScenarioConfig.groundStations[5]"", ""Notes"": ""每行对应固定数组槽位；Enabled=FALSE时保留记录但不参与计算。""}",mixed,False,"{""enabled"": false, ""id"": 5, ""name"": ""Kashgar"", ""latitude"": 0.6894940663296119, ""longitude"": 1.326326313138799, ""altitude"": 1307.0, ""minimumElevation"": 0.17453292519943295, ""priority"": 5}",record,Scenarios.ScenarioConfig.groundStations[5],Scenarios.ScenarioConfig.groundStations[5],True
GroundStations,Mission,slot6,,,Sanya,"{""Slot"": 6, ""Enabled"": true, ""ID"": 6, ""Name"": ""Sanya"", ""Latitude_deg"": 18.3121, ""Longitude_deg"": 109.3099, ""Altitude_m"": 22, ""MinElevation_deg"": 10, ""Priority"": 6, ""ModelicaTarget"": ""Scenarios.ScenarioConfig.groundStations[6]"", ""Notes"": ""每行对应固定数组槽位；Enabled=FALSE时保留记录但不参与计算。""}",mixed,False,"{""enabled"": true, ""id"": 6, ""name"": ""Sanya"", ""latitude"": 0.31960643795445365, ""longitude"": 1.9078176600257497, ""altitude"": 22.0, ""minimumElevation"": 0.17453292519943295, ""priority"": 6}",record,Scenarios.ScenarioConfig.groundStations[6],Scenarios.ScenarioConfig.groundStations[6],True
GroundStations,Mission,slot7,,,Kunming,"{""Slot"": 7, ""Enabled"": false, ""ID"": 7, ""Name"": ""Kunming"", ""Latitude_deg"": 25.04, ""Longitude_deg"": 102.718, ""Altitude_m"": 1890, ""MinElevation_deg"": 5, ""Priority"": 7, ""ModelicaTarget"": ""Scenarios.ScenarioConfig.groundStations[7]"", ""Notes"": ""每行对应固定数组槽位；Enabled=FALSE时保留记录但不参与计算。""}",mixed,False,"{""enabled"": false, ""id"": 7, ""name"": ""Kunming"", ""latitude"": 0.4370304446993801, ""longitude"": 1.7927673010635354, ""altitude"": 1890.0, ""minimumElevation"": 0.08726646259971647, ""priority"": 7}",record,Scenarios.ScenarioConfig.groundStations[7],Scenarios.ScenarioConfig.groundStations[7],True
GroundStations,Mission,slot8,,,Kiruna_Arctic,"{""Slot"": 8, ""Enabled"": false, ""ID"": 8, ""Name"": ""Kiruna_Arctic"", ""Latitude_deg"": 67.8833, ""Longitude_deg"": 21.0667, ""Altitude_m"": 334, ""MinElevation_deg"": 5, ""Priority"": 8, ""ModelicaTarget"": ""Scenarios.ScenarioConfig.groundStations[8]"", ""Notes"": ""每行对应固定数组槽位；Enabled=FALSE时保留记录但不参与计算。""}",mixed,False,"{""enabled"": false, ""id"": 8, ""name"": ""Kiruna_Arctic"", ""latitude"": 1.1847870921190669, ""longitude"": 0.36768327752988944, ""altitude"": 334.0, ""minimumElevation"": 0.08726646259971647, ""priority"": 8}",record,Scenarios.ScenarioConfig.groundStations[8],Scenarios.ScenarioConfig.groundStations[8],True
ImagingTargets,Mission,slot1,,,Santiago,"{""Slot"": 1, ""Enabled"": true, ""ID"": 1, ""Name"": ""Santiago"", ""Latitude_deg"": -33.4489, ""Longitude_deg"": -70.6693, ""Altitude_m"": 0, ""MinElevation_deg"": 25, ""Priority"": 1, ""ModelicaTarget"": ""Scenarios.ScenarioConfig.imagingTargets[1]"", ""Notes"": ""Enabled=FALSE时保留为数据库记录；目标地理位置改变不会修改卫星硬件。""}",mixed,False,"{""enabled"": true, ""id"": 1, ""name"": ""Santiago"", ""latitude"": -0.5837934361703313, ""longitude"": -1.233411965079629, ""altitude"": 0.0, ""minimumElevation"": 0.4363323129985824, ""priority"": 1}",record,Scenarios.ScenarioConfig.imagingTargets[1],Scenarios.ScenarioConfig.imagingTargets[1],True
ImagingTargets,Mission,slot2,,,WashingtonDC,"{""Slot"": 2, ""Enabled"": true, ""ID"": 2, ""Name"": ""WashingtonDC"", ""Latitude_deg"": 38.9072, ""Longitude_deg"": -77.0369, ""Altitude_m"": 0, ""MinElevation_deg"": 25, ""Priority"": 1, ""ModelicaTarget"": ""Scenarios.ScenarioConfig.imagingTargets[2]"", ""Notes"": ""Enabled=FALSE时保留为数据库记录；目标地理位置改变不会修改卫星硬件。""}",mixed,False,"{""enabled"": true, ""id"": 2, ""name"": ""WashingtonDC"", ""latitude"": 0.6790587427319379, ""longitude"": -1.3445475505296196, ""altitude"": 0.0, ""minimumElevation"": 0.4363323129985824, ""priority"": 1}",record,Scenarios.ScenarioConfig.imagingTargets[2],Scenarios.ScenarioConfig.imagingTargets[2],True
ImagingTargets,Mission,slot3,,,SanFrancisco,"{""Slot"": 3, ""Enabled"": true, ""ID"": 3, ""Name"": ""SanFrancisco"", ""Latitude_deg"": 37.7749, ""Longitude_deg"": -122.4194, ""Altitude_m"": 0, ""MinElevation_deg"": 25, ""Priority"": 1, ""ModelicaTarget"": ""Scenarios.ScenarioConfig.imagingTargets[3]"", ""Notes"": ""Enabled=FALSE时保留为数据库记录；目标地理位置改变不会修改卫星硬件。""}",mixed,False,"{""enabled"": true, ""id"": 3, ""name"": ""SanFrancisco"", ""latitude"": 0.659296379611606, ""longitude"": -2.136621598315946, ""altitude"": 0.0, ""minimumElevation"": 0.4363323129985824, ""priority"": 1}",record,Scenarios.ScenarioConfig.imagingTargets[3],Scenarios.ScenarioConfig.imagingTargets[3],True
ImagingTargets,Mission,slot4,,,Auckland,"{""Slot"": 4, ""Enabled"": true, ""ID"": 4, ""Name"": ""Auckland"", ""Latitude_deg"": -36.8509, ""Longitude_deg"": 174.7645, ""Altitude_m"": 0, ""MinElevation_deg"": 25, ""Priority"": 1, ""ModelicaTarget"": ""Scenarios.ScenarioConfig.imagingTargets[4]"", ""Notes"": ""Enabled=FALSE时保留为数据库记录；目标地理位置改变不会修改卫星硬件。""}",mixed,False,"{""enabled"": true, ""id"": 4, ""name"": ""Auckland"", ""latitude"": -0.6431695373231784, ""longitude"": 3.05021594060163, ""altitude"": 0.0, ""minimumElevation"": 0.4363323129985824, ""priority"": 1}",record,Scenarios.ScenarioConfig.imagingTargets[4],Scenarios.ScenarioConfig.imagingTargets[4],True
ImagingTargets,Mission,slot5,,,Canberra,"{""Slot"": 5, ""Enabled"": true, ""ID"": 5, ""Name"": ""Canberra"", ""Latitude_deg"": -35.2809, ""Longitude_deg"": 149.13, ""Altitude_m"": 0, ""MinElevation_deg"": 25, ""Priority"": 1, ""ModelicaTarget"": ""Scenarios.ScenarioConfig.imagingTargets[5]"", ""Notes"": ""Enabled=FALSE时保留为数据库记录；目标地理位置改变不会修改卫星硬件。""}",mixed,False,"{""enabled"": true, ""id"": 5, ""name"": ""Canberra"", ""latitude"": -0.6157678680668675, ""longitude"": 2.6028095134991434, ""altitude"": 0.0, ""minimumElevation"": 0.4363323129985824, ""priority"": 1}",record,Scenarios.ScenarioConfig.imagingTargets[5],Scenarios.ScenarioConfig.imagingTargets[5],True
ImagingTargets,Mission,slot6,,,Tokyo,"{""Slot"": 6, ""Enabled"": true, ""ID"": 6, ""Name"": ""Tokyo"", ""Latitude_deg"": 35.6762, ""Longitude_deg"": 139.6503, ""Altitude_m"": 0, ""MinElevation_deg"": 25, ""Priority"": 1, ""ModelicaTarget"": ""Scenarios.ScenarioConfig.imagingTargets[6]"", ""Notes"": ""Enabled=FALSE时保留为数据库记录；目标地理位置改变不会修改卫星硬件。""}",mixed,False,"{""enabled"": true, ""id"": 6, ""name"": ""Tokyo"", ""latitude"": 0.622667154600001, ""longitude"": 2.437357536397837, ""altitude"": 0.0, ""minimumElevation"": 0.4363323129985824, ""priority"": 1}",record,Scenarios.ScenarioConfig.imagingTargets[6],Scenarios.ScenarioConfig.imagingTargets[6],True
ImagingTargets,Mission,slot7,,,Dalian,"{""Slot"": 7, ""Enabled"": true, ""ID"": 7, ""Name"": ""Dalian"", ""Latitude_deg"": 38.914, ""Longitude_deg"": 121.6147, ""Altitude_m"": 0, ""MinElevation_deg"": 25, ""Priority"": 1, ""ModelicaTarget"": ""Scenarios.ScenarioConfig.imagingTargets[7]"", ""Notes"": ""Enabled=FALSE时保留为数据库记录；目标地理位置改变不会修改卫星硬件。""}",mixed,False,"{""enabled"": true, ""id"": 7, ""name"": ""Dalian"", ""latitude"": 0.6791774251210734, ""longitude"": 2.122576933825148, ""altitude"": 0.0, ""minimumElevation"": 0.4363323129985824, ""priority"": 1}",record,Scenarios.ScenarioConfig.imagingTargets[7],Scenarios.ScenarioConfig.imagingTargets[7],True
ImagingTargets,Mission,slot8,,,Karachi,"{""Slot"": 8, ""Enabled"": true, ""ID"": 8, ""Name"": ""Karachi"", ""Latitude_deg"": 24.8607, ""Longitude_deg"": 67.0011, ""Altitude_m"": 0, ""MinElevation_deg"": 25, ""Priority"": 1, ""ModelicaTarget"": ""Scenarios.ScenarioConfig.imagingTargets[8]"", ""Notes"": ""Enabled=FALSE时保留为数据库记录；目标地理位置改变不会修改卫星硬件。""}",mixed,False,"{""enabled"": true, ""id"": 8, ""name"": ""Karachi"", ""latitude"": 0.43390106935055434, ""longitude"": 1.1693897974579726, ""altitude"": 0.0, ""minimumElevation"": 0.4363323129985824, ""priority"": 1}",record,Scenarios.ScenarioConfig.imagingTargets[8],Scenarios.ScenarioConfig.imagingTargets[8],True
ImagingTargets,Mission,slot9,,,Riyadh,"{""Slot"": 9, ""Enabled"": true, ""ID"": 9, ""Name"": ""Riyadh"", ""Latitude_deg"": 24.7136, ""Longitude_deg"": 46.6753, ""Altitude_m"": 0, ""MinElevation_deg"": 25, ""Priority"": 1, ""ModelicaTarget"": ""Scenarios.ScenarioConfig.imagingTargets[9]"", ""Notes"": ""Enabled=FALSE时保留为数据库记录；目标地理位置改变不会修改卫星硬件。""}",mixed,False,"{""enabled"": true, ""id"": 9, ""name"": ""Riyadh"", ""latitude"": 0.43133369002087063, ""longitude"": 0.8146376643561093, ""altitude"": 0.0, ""minimumElevation"": 0.4363323129985824, ""priority"": 1}",record,Scenarios.ScenarioConfig.imagingTargets[9],Scenarios.ScenarioConfig.imagingTargets[9],True
ImagingTargets,Mission,slot10,,,Amsterdam,"{""Slot"": 10, ""Enabled"": true, ""ID"": 10, ""Name"": ""Amsterdam"", ""Latitude_deg"": 52.3676, ""Longitude_deg"": 4.9041, ""Altitude_m"": 0, ""MinElevation_deg"": 25, ""Priority"": 1, ""ModelicaTarget"": ""Scenarios.ScenarioConfig.imagingTargets[10]"", ""Notes"": ""Enabled=FALSE时保留为数据库记录；目标地理位置改变不会修改卫星硬件。""}",mixed,False,"{""enabled"": true, ""id"": 10, ""name"": ""Amsterdam"", ""latitude"": 0.9139870413673826, ""longitude"": 0.08559269184705391, ""altitude"": 0.0, ""minimumElevation"": 0.4363323129985824, ""priority"": 1}",record,Scenarios.ScenarioConfig.imagingTargets[10],Scenarios.ScenarioConfig.imagingTargets[10],True
ImagingTargets,Mission,slot11,,,Berlin,"{""Slot"": 11, ""Enabled"": false, ""ID"": 11, ""Name"": ""Berlin"", ""Latitude_deg"": 52.52, ""Longitude_deg"": 13.405, ""Altitude_m"": 0, ""MinElevation_deg"": 25, ""Priority"": 18, ""ModelicaTarget"": ""Scenarios.ScenarioConfig.imagingTargets[11]"", ""Notes"": ""Enabled=FALSE时保留为数据库记录；目标地理位置改变不会修改卫星硬件。""}",mixed,False,"{""enabled"": false, ""id"": 11, ""name"": ""Berlin"", ""latitude"": 0.9166469231474219, ""longitude"": 0.23396138622983986, ""altitude"": 0.0, ""minimumElevation"": 0.4363323129985824, ""priority"": 18}",record,Scenarios.ScenarioConfig.imagingTargets[11],Scenarios.ScenarioConfig.imagingTargets[11],True
ImagingTargets,Mission,slot12,,,Tokyo,"{""Slot"": 12, ""Enabled"": false, ""ID"": 12, ""Name"": ""Tokyo"", ""Latitude_deg"": 35.676, ""Longitude_deg"": 139.65, ""Altitude_m"": 0, ""MinElevation_deg"": 25, ""Priority"": 17, ""ModelicaTarget"": ""Scenarios.ScenarioConfig.imagingTargets[12]"", ""Notes"": ""Enabled=FALSE时保留为数据库记录；目标地理位置改变不会修改卫星硬件。""}",mixed,False,"{""enabled"": false, ""id"": 12, ""name"": ""Tokyo"", ""latitude"": 0.6226636639414971, ""longitude"": 2.4373523004100814, ""altitude"": 0.0, ""minimumElevation"": 0.4363323129985824, ""priority"": 17}",record,Scenarios.ScenarioConfig.imagingTargets[12],Scenarios.ScenarioConfig.imagingTargets[12],True
ImagingTargets,Mission,slot13,,,London,"{""Slot"": 13, ""Enabled"": false, ""ID"": 13, ""Name"": ""London"", ""Latitude_deg"": 51.507, ""Longitude_deg"": -0.128, ""Altitude_m"": 0, ""MinElevation_deg"": 25, ""Priority"": 16, ""ModelicaTarget"": ""Scenarios.ScenarioConfig.imagingTargets[13]"", ""Notes"": ""Enabled=FALSE时保留为数据库记录；目标地理位置改变不会修改卫星硬件。""}",mixed,False,"{""enabled"": false, ""id"": 13, ""name"": ""London"", ""latitude"": 0.8989667378247193, ""longitude"": -0.002234021442552742, ""altitude"": 0.0, ""minimumElevation"": 0.4363323129985824, ""priority"": 16}",record,Scenarios.ScenarioConfig.imagingTargets[13],Scenarios.ScenarioConfig.imagingTargets[13],True
ImagingTargets,Mission,slot14,,,NewDelhi,"{""Slot"": 14, ""Enabled"": false, ""ID"": 14, ""Name"": ""NewDelhi"", ""Latitude_deg"": 28.614, ""Longitude_deg"": 77.209, ""Altitude_m"": 0, ""MinElevation_deg"": 25, ""Priority"": 15, ""ModelicaTarget"": ""Scenarios.ScenarioConfig.imagingTargets[14]"", ""Notes"": ""Enabled=FALSE时保留为数据库记录；目标地理位置改变不会修改卫星硬件。""}",mixed,False,"{""enabled"": false, ""id"": 14, ""name"": ""NewDelhi"", ""latitude"": 0.49940851216565746, ""longitude"": 1.347551262172302, ""altitude"": 0.0, ""minimumElevation"": 0.4363323129985824, ""priority"": 15}",record,Scenarios.ScenarioConfig.imagingTargets[14],Scenarios.ScenarioConfig.imagingTargets[14],True
ImagingTargets,Mission,slot15,,,Paris,"{""Slot"": 15, ""Enabled"": false, ""ID"": 15, ""Name"": ""Paris"", ""Latitude_deg"": 48.857, ""Longitude_deg"": 2.352, ""Altitude_m"": 0, ""MinElevation_deg"": 25, ""Priority"": 14, ""ModelicaTarget"": ""Scenarios.ScenarioConfig.imagingTargets[15]"", ""Notes"": ""Enabled=FALSE时保留为数据库记录；目标地理位置改变不会修改卫星硬件。""}",mixed,False,"{""enabled"": false, ""id"": 15, ""name"": ""Paris"", ""latitude"": 0.8527155126468696, ""longitude"": 0.04105014400690663, ""altitude"": 0.0, ""minimumElevation"": 0.4363323129985824, ""priority"": 14}",record,Scenarios.ScenarioConfig.imagingTargets[15],Scenarios.ScenarioConfig.imagingTargets[15],True
ImagingTargets,Mission,slot16,,,Rome,"{""Slot"": 16, ""Enabled"": false, ""ID"": 16, ""Name"": ""Rome"", ""Latitude_deg"": 41.903, ""Longitude_deg"": 12.496, ""Altitude_m"": 0, ""MinElevation_deg"": 25, ""Priority"": 13, ""ModelicaTarget"": ""Scenarios.ScenarioConfig.imagingTargets[16]"", ""Notes"": ""Enabled=FALSE时保留为数据库记录；目标地理位置改变不会修改卫星硬件。""}",mixed,False,"{""enabled"": false, ""id"": 16, ""name"": ""Rome"", ""latitude"": 0.7313453164631839, ""longitude"": 0.21809634332921143, ""altitude"": 0.0, ""minimumElevation"": 0.4363323129985824, ""priority"": 13}",record,Scenarios.ScenarioConfig.imagingTargets[16],Scenarios.ScenarioConfig.imagingTargets[16],True
ImagingTargets,Mission,slot17,,,Moscow,"{""Slot"": 17, ""Enabled"": false, ""ID"": 17, ""Name"": ""Moscow"", ""Latitude_deg"": 55.756, ""Longitude_deg"": 37.617, ""Altitude_m"": 0, ""MinElevation_deg"": 25, ""Priority"": 12, ""ModelicaTarget"": ""Scenarios.ScenarioConfig.imagingTargets[17]"", ""Notes"": ""Enabled=FALSE时保留为数据库记录；目标地理位置改变不会修改卫星硬件。""}",mixed,False,"{""enabled"": false, ""id"": 17, ""name"": ""Moscow"", ""latitude"": 0.9731257777419584, ""longitude"": 0.6565405047227069, ""altitude"": 0.0, ""minimumElevation"": 0.4363323129985824, ""priority"": 12}",record,Scenarios.ScenarioConfig.imagingTargets[17],Scenarios.ScenarioConfig.imagingTargets[17],True
ImagingTargets,Mission,slot18,,,Brasilia,"{""Slot"": 18, ""Enabled"": false, ""ID"": 18, ""Name"": ""Brasilia"", ""Latitude_deg"": -15.794, ""Longitude_deg"": -47.883, ""Altitude_m"": 0, ""MinElevation_deg"": 25, ""Priority"": 11, ""ModelicaTarget"": ""Scenarios.ScenarioConfig.imagingTargets[18]"", ""Notes"": ""Enabled=FALSE时保留为数据库记录；目标地理位置改变不会修改卫星硬件。""}",mixed,False,"{""enabled"": false, ""id"": 18, ""name"": ""Brasilia"", ""latitude"": -0.2756573020599844, ""longitude"": -0.8357160057324449, ""altitude"": 0.0, ""minimumElevation"": 0.4363323129985824, ""priority"": 11}",record,Scenarios.ScenarioConfig.imagingTargets[18],Scenarios.ScenarioConfig.imagingTargets[18],True
ImagingTargets,Mission,slot19,,,Ottawa,"{""Slot"": 19, ""Enabled"": false, ""ID"": 19, ""Name"": ""Ottawa"", ""Latitude_deg"": 45.422, ""Longitude_deg"": -75.697, ""Altitude_m"": 0, ""MinElevation_deg"": 25, ""Priority"": 10, ""ModelicaTarget"": ""Scenarios.ScenarioConfig.imagingTargets[19]"", ""Notes"": ""Enabled=FALSE时保留为数据库记录；目标地理位置改变不会修改卫星硬件。""}",mixed,False,"{""enabled"": false, ""id"": 19, ""name"": ""Ottawa"", ""latitude"": 0.7927634528408644, ""longitude"": -1.3211618838821477, ""altitude"": 0.0, ""minimumElevation"": 0.4363323129985824, ""priority"": 10}",record,Scenarios.ScenarioConfig.imagingTargets[19],Scenarios.ScenarioConfig.imagingTargets[19],True
ImagingTargets,Mission,slot20,,,Canberra,"{""Slot"": 20, ""Enabled"": false, ""ID"": 20, ""Name"": ""Canberra"", ""Latitude_deg"": -35.281, ""Longitude_deg"": 149.13, ""Altitude_m"": 0, ""MinElevation_deg"": 25, ""Priority"": 9, ""ModelicaTarget"": ""Scenarios.ScenarioConfig.imagingTargets[20]"", ""Notes"": ""Enabled=FALSE时保留为数据库记录；目标地理位置改变不会修改卫星硬件。""}",mixed,False,"{""enabled"": false, ""id"": 20, ""name"": ""Canberra"", ""latitude"": -0.6157696133961194, ""longitude"": 2.6028095134991434, ""altitude"": 0.0, ""minimumElevation"": 0.4363323129985824, ""priority"": 9}",record,Scenarios.ScenarioConfig.imagingTargets[20],Scenarios.ScenarioConfig.imagingTargets[20],True
ImagingTargets,Mission,slot21,,,MexicoCity,"{""Slot"": 21, ""Enabled"": false, ""ID"": 21, ""Name"": ""MexicoCity"", ""Latitude_deg"": 19.433, ""Longitude_deg"": -99.133, ""Altitude_m"": 0, ""MinElevation_deg"": 25, ""Priority"": 8, ""ModelicaTarget"": ""Scenarios.ScenarioConfig.imagingTargets[21]"", ""Notes"": ""Enabled=FALSE时保留为数据库记录；目标地理位置改变不会修改卫星硬件。""}",mixed,False,"{""enabled"": false, ""id"": 21, ""name"": ""MexicoCity"", ""latitude"": 0.3391698335400581, ""longitude"": -1.7301972473795386, ""altitude"": 0.0, ""minimumElevation"": 0.4363323129985824, ""priority"": 8}",record,Scenarios.ScenarioConfig.imagingTargets[21],Scenarios.ScenarioConfig.imagingTargets[21],True
ImagingTargets,Mission,slot22,,,Madrid,"{""Slot"": 22, ""Enabled"": false, ""ID"": 22, ""Name"": ""Madrid"", ""Latitude_deg"": 40.417, ""Longitude_deg"": -3.704, ""Altitude_m"": 0, ""MinElevation_deg"": 25, ""Priority"": 7, ""ModelicaTarget"": ""Scenarios.ScenarioConfig.imagingTargets[22]"", ""Notes"": ""Enabled=FALSE时保留为数据库记录；目标地理位置改变不会修改卫星硬件。""}",mixed,False,"{""enabled"": false, ""id"": 22, ""name"": ""Madrid"", ""latitude"": 0.7054097237785482, ""longitude"": -0.06464699549386997, ""altitude"": 0.0, ""minimumElevation"": 0.4363323129985824, ""priority"": 7}",record,Scenarios.ScenarioConfig.imagingTargets[22],Scenarios.ScenarioConfig.imagingTargets[22],True
ImagingTargets,Mission,slot23,,,Seoul,"{""Slot"": 23, ""Enabled"": false, ""ID"": 23, ""Name"": ""Seoul"", ""Latitude_deg"": 37.567, ""Longitude_deg"": 126.978, ""Altitude_m"": 0, ""MinElevation_deg"": 25, ""Priority"": 6, ""ModelicaTarget"": ""Scenarios.ScenarioConfig.imagingTargets[23]"", ""Notes"": ""Enabled=FALSE时保留为数据库记录；目标地理位置改变不会修改卫星硬件。""}",mixed,False,"{""enabled"": false, ""id"": 23, ""name"": ""Seoul"", ""latitude"": 0.6556678400967098, ""longitude"": 2.2161841775973596, ""altitude"": 0.0, ""minimumElevation"": 0.4363323129985824, ""priority"": 6}",record,Scenarios.ScenarioConfig.imagingTargets[23],Scenarios.ScenarioConfig.imagingTargets[23],True
ImagingTargets,Mission,slot24,,,Ankara,"{""Slot"": 24, ""Enabled"": false, ""ID"": 24, ""Name"": ""Ankara"", ""Latitude_deg"": 39.933, ""Longitude_deg"": 32.86, ""Altitude_m"": 0, ""MinElevation_deg"": 25, ""Priority"": 5, ""ModelicaTarget"": ""Scenarios.ScenarioConfig.imagingTargets[24]"", ""Notes"": ""Enabled=FALSE时保留为数据库记录；目标地理位置改变不会修改卫星硬件。""}",mixed,False,"{""enabled"": false, ""id"": 24, ""name"": ""Ankara"", ""latitude"": 0.6969623301988956, ""longitude"": 0.5735151922053366, ""altitude"": 0.0, ""minimumElevation"": 0.4363323129985824, ""priority"": 5}",record,Scenarios.ScenarioConfig.imagingTargets[24],Scenarios.ScenarioConfig.imagingTargets[24],True
ImagingTargets,Mission,slot25,,,Jakarta,"{""Slot"": 25, ""Enabled"": false, ""ID"": 25, ""Name"": ""Jakarta"", ""Latitude_deg"": -6.208, ""Longitude_deg"": 106.846, ""Altitude_m"": 0, ""MinElevation_deg"": 25, ""Priority"": 4, ""ModelicaTarget"": ""Scenarios.ScenarioConfig.imagingTargets[25]"", ""Notes"": ""Enabled=FALSE时保留为数据库记录；目标地理位置改变不会修改卫星硬件。""}",mixed,False,"{""enabled"": false, ""id"": 25, ""name"": ""Jakarta"", ""latitude"": -0.10835003996380799, ""longitude"": 1.8648144925858614, ""altitude"": 0.0, ""minimumElevation"": 0.4363323129985824, ""priority"": 4}",record,Scenarios.ScenarioConfig.imagingTargets[25],Scenarios.ScenarioConfig.imagingTargets[25],True
ImagingTargets,Mission,slot26,,,Amsterdam,"{""Slot"": 26, ""Enabled"": false, ""ID"": 26, ""Name"": ""Amsterdam"", ""Latitude_deg"": 52.368, ""Longitude_deg"": 4.904, ""Altitude_m"": 0, ""MinElevation_deg"": 25, ""Priority"": 3, ""ModelicaTarget"": ""Scenarios.ScenarioConfig.imagingTargets[26]"", ""Notes"": ""Enabled=FALSE时保留为数据库记录；目标地理位置改变不会修改卫星硬件。""}",mixed,False,"{""enabled"": false, ""id"": 26, ""name"": ""Amsterdam"", ""latitude"": 0.9139940226843906, ""longitude"": 0.08559094651780191, ""altitude"": 0.0, ""minimumElevation"": 0.4363323129985824, ""priority"": 3}",record,Scenarios.ScenarioConfig.imagingTargets[26],Scenarios.ScenarioConfig.imagingTargets[26],True
ImagingTargets,Mission,slot27,,,Riyadh,"{""Slot"": 27, ""Enabled"": false, ""ID"": 27, ""Name"": ""Riyadh"", ""Latitude_deg"": 24.714, ""Longitude_deg"": 46.675, ""Altitude_m"": 0, ""MinElevation_deg"": 25, ""Priority"": 2, ""ModelicaTarget"": ""Scenarios.ScenarioConfig.imagingTargets[27]"", ""Notes"": ""Enabled=FALSE时保留为数据库记录；目标地理位置改变不会修改卫星硬件。""}",mixed,False,"{""enabled"": false, ""id"": 27, ""name"": ""Riyadh"", ""latitude"": 0.43134067133787857, ""longitude"": 0.8146324283683533, ""altitude"": 0.0, ""minimumElevation"": 0.4363323129985824, ""priority"": 2}",record,Scenarios.ScenarioConfig.imagingTargets[27],Scenarios.ScenarioConfig.imagingTargets[27],True
ImagingTargets,Mission,slot28,,,Bern,"{""Slot"": 28, ""Enabled"": false, ""ID"": 28, ""Name"": ""Bern"", ""Latitude_deg"": 46.948, ""Longitude_deg"": 7.447, ""Altitude_m"": 0, ""MinElevation_deg"": 25, ""Priority"": 1, ""ModelicaTarget"": ""Scenarios.ScenarioConfig.imagingTargets[28]"", ""Notes"": ""Enabled=FALSE时保留为数据库记录；目标地理位置改变不会修改卫星硬件。""}",mixed,False,"{""enabled"": false, ""id"": 28, ""name"": ""Bern"", ""latitude"": 0.8193971772262978, ""longitude"": 0.12997466939601773, ""altitude"": 0.0, ""minimumElevation"": 0.4363323129985824, ""priority"": 1}",record,Scenarios.ScenarioConfig.imagingTargets[28],Scenarios.ScenarioConfig.imagingTargets[28],True
ImagingTargets,Mission,slot29,,,Slot29,"{""Slot"": 29, ""Enabled"": false, ""ID"": null, ""Name"": null, ""Latitude_deg"": null, ""Longitude_deg"": null, ""Altitude_m"": null, ""MinElevation_deg"": 25, ""Priority"": null, ""ModelicaTarget"": ""Scenarios.ScenarioConfig.imagingTargets[29]"", ""Notes"": ""Enabled=FALSE时保留为数据库记录；目标地理位置改变不会修改卫星硬件。""}",mixed,False,"{""enabled"": false, ""id"": 0, ""name"": """", ""latitude"": 0.0, ""longitude"": 0.0, ""altitude"": 0.0, ""minimumElevation"": 0.4363323129985824, ""priority"": 0}",record,Scenarios.ScenarioConfig.imagingTargets[29],Scenarios.ScenarioConfig.imagingTargets[29],True
ImagingTargets,Mission,slot30,,,Slot30,"{""Slot"": 30, ""Enabled"": false, ""ID"": null, ""Name"": null, ""Latitude_deg"": null, ""Longitude_deg"": null, ""Altitude_m"": null, ""MinElevation_deg"": 25, ""Priority"": null, ""ModelicaTarget"": ""Scenarios.ScenarioConfig.imagingTargets[30]"", ""Notes"": ""Enabled=FALSE时保留为数据库记录；目标地理位置改变不会修改卫星硬件。""}",mixed,False,"{""enabled"": false, ""id"": 0, ""name"": """", ""latitude"": 0.0, ""longitude"": 0.0, ""altitude"": 0.0, ""minimumElevation"": 0.4363323129985824, ""priority"": 0}",record,Scenarios.ScenarioConfig.imagingTargets[30],Scenarios.ScenarioConfig.imagingTargets[30],True
ImagingTargets,Mission,slot31,,,Slot31,"{""Slot"": 31, ""Enabled"": false, ""ID"": null, ""Name"": null, ""Latitude_deg"": null, ""Longitude_deg"": null, ""Altitude_m"": null, ""MinElevation_deg"": 25, ""Priority"": null, ""ModelicaTarget"": ""Scenarios.ScenarioConfig.imagingTargets[31]"", ""Notes"": ""Enabled=FALSE时保留为数据库记录；目标地理位置改变不会修改卫星硬件。""}",mixed,False,"{""enabled"": false, ""id"": 0, ""name"": """", ""latitude"": 0.0, ""longitude"": 0.0, ""altitude"": 0.0, ""minimumElevation"": 0.4363323129985824, ""priority"": 0}",record,Scenarios.ScenarioConfig.imagingTargets[31],Scenarios.ScenarioConfig.imagingTargets[31],True
ImagingTargets,Mission,slot32,,,Slot32,"{""Slot"": 32, ""Enabled"": false, ""ID"": null, ""Name"": null, ""Latitude_deg"": null, ""Longitude_deg"": null, ""Altitude_m"": null, ""MinElevation_deg"": 25, ""Priority"": null, ""ModelicaTarget"": ""Scenarios.ScenarioConfig.imagingTargets[32]"", ""Notes"": ""Enabled=FALSE时保留为数据库记录；目标地理位置改变不会修改卫星硬件。""}",mixed,False,"{""enabled"": false, ""id"": 0, ""name"": """", ""latitude"": 0.0, ""longitude"": 0.0, ""altitude"": 0.0, ""minimumElevation"": 0.4363323129985824, ""priority"": 0}",record,Scenarios.ScenarioConfig.imagingTargets[32],Scenarios.ScenarioConfig.imagingTargets[32],True
Simulation,Simulation,CompleteMission,,,StartTime,0,s,False,0.0,0.0,experiment(StartTime),experiment(StartTime),False
Simulation,Simulation,CompleteMission,,,StopTime,86400,s,False,86400.0,86400.0,experiment(StopTime),experiment(StopTime),False
Simulation,Simulation,CompleteMission,,,OutputInterval,1,s,False,1.0,1.0,experiment(Interval),experiment(Interval),False
Simulation,Simulation,CompleteMission,,,Tolerance,1e-05,1,False,1e-05,1e-05,experiment(Tolerance),experiment(Tolerance),False
Simulation,Simulation,CompleteMission,,,Solver,ida,-,False,ida,ida,__OpenModelica_simulationFlags(s),__OpenModelica_simulationFlags(s),False
Simulation,Simulation,CompleteMission,,,IDALinearSolver,spgmr,-,False,spgmr,spgmr,__OpenModelica_simulationFlags(idaLS),__OpenModelica_simulationFlags(idaLS),False
Simulation,Simulation,CompleteMission,,,Jacobian,coloredNumerical,-,False,coloredNumerical,coloredNumerical,__OpenModelica_simulationFlags(jacobian),__OpenModelica_simulationFlags(jacobian),False
Simulation,Simulation,CompleteMission,,,MaxSizeLinearTearing,1000,1,False,1000.0,1000.0,__OpenModelica_commandLineOptions,__OpenModelica_commandLineOptions,False
Simulation,Simulation,CompleteMission,,,StartDateTime,2026-09-06 00:00:00,datetime,False,2026-09-06T00:00:00.000Z,2026-09-06T00:00:00.000Z,absolute epoch,absolute epoch,True
Simulation,Simulation,CompleteMission,,,TimeZone,UTC,text,False,UTC,UTC,absolute epoch,absolute epoch,False
Simulation,Simulation,CompleteMission,,,Duration,24,h,False,24.0,24.0,experiment(StopTime),experiment(StopTime),False
Ephemeris,Environment,resources,,,SPKFile,Resources/Ephemeris/de440s.bsp,path,False,Resources/Ephemeris/de440s.bsp,Resources/Ephemeris/de440s.bsp,Ephemeris.SPKFile,offline environment generator,False
Ephemeris,Environment,resources,,,IERSFile,Resources/Ephemeris/finals2000A.all,path,False,Resources/Ephemeris/finals2000A.all,Resources/Ephemeris/finals2000A.all,Ephemeris.IERSFile,offline environment generator,False
Ephemeris,Environment,resources,,,LeapSecondsFile,Resources/Ephemeris/Leap_Second.dat,path,False,Resources/Ephemeris/Leap_Second.dat,Resources/Ephemeris/Leap_Second.dat,Ephemeris.LeapSecondsFile,offline environment generator,False
Ephemeris,Environment,resources,,,AllowPredictedEOP,True,Boolean,False,True,True,Ephemeris.AllowPredictedEOP,offline environment generator,False
Ephemeris,Environment,resources,,,EnvironmentSampleInterval,10,s,False,10,10,Ephemeris.EnvironmentSampleInterval,offline environment generator,False
Ephemeris,Environment,resources,,,PropagationModel,J2SunMoon,text,False,J2SunMoon,J2SunMoon,Ephemeris.PropagationModel,offline environment generator,False
Ephemeris,Environment,resources,,,PropagationRtol,1e-10,1,False,1e-10,1e-10,Ephemeris.PropagationRtol,offline environment generator,False
Ephemeris,Environment,resources,,,PropagationAtolPosition,0.0001,m,False,0.0001,0.0001,Ephemeris.PropagationAtolPosition,offline environment generator,False
Ephemeris,Environment,resources,,,PropagationAtolVelocity,1e-07,m/s,False,1e-07,1e-07,Ephemeris.PropagationAtolVelocity,offline environment generator,False
OrbitResolved,Environment,generatedEnvironment,,,StartUTC,,derived,False,2026-09-06T00:00:00.000Z,2026-09-06T00:00:00.000Z,OrbitResolved.StartUTC,Generated environment resource,False
OrbitResolved,Environment,generatedEnvironment,,,EndUTC,,derived,False,2026-09-07T00:00:00.000Z,2026-09-07T00:00:00.000Z,OrbitResolved.EndUTC,Generated environment resource,False
OrbitResolved,Environment,generatedEnvironment,,,StateEpochUTC,,derived,False,2026-09-06T00:00:00.000Z,2026-09-06T00:00:00.000Z,OrbitResolved.StateEpochUTC,Generated environment resource,False
OrbitResolved,Environment,generatedEnvironment,,,StateAtSimulationStart,,derived,False,"[-493801.2739989999, -752595.4965559999, -6776165.492715, -5490.252537677, 5304.349223451001, -172.81157435800003]","[-493801.2739989999, -752595.4965559999, -6776165.492715, -5490.252537677, 5304.349223451001, -172.81157435800003]",OrbitResolved.StateAtSimulationStart,Generated environment resource,False
OrbitResolved,Environment,generatedEnvironment,,,DerivedElementsAtSimulationStart,,derived,False,"{""semiMajorAxis"": 6835361.40000093, ""eccentricity"": 0.0021067000329468163, ""inclination"": 1.7005001741660246, ""raan"": 2.370461993248976, ""argumentOfPerigee"": 6.283185307179586, ""meanAnomaly"": 4.69167029863507, ""period"": 5624.102185366477}","{""semiMajorAxis"": 6835361.40000093, ""eccentricity"": 0.0021067000329468163, ""inclination"": 1.7005001741660246, ""raan"": 2.370461993248976, ""argumentOfPerigee"": 6.283185307179586, ""meanAnomaly"": 4.69167029863507, ""period"": 5624.102185366477}",OrbitResolved.DerivedElementsAtSimulationStart,Generated environment resource,False
OrbitResolved,Environment,generatedEnvironment,,,EOPStatus,,derived,False,PREDICTED,PREDICTED,OrbitResolved.EOPStatus,Generated environment resource,False
OrbitResolved,Environment,generatedEnvironment,,,EnvironmentTableSHA256,,derived,False,7d6372e7d8e2c950c9e6ea8c5adc0a2b1b490944fecdb272d92b4517236d0c83,7d6372e7d8e2c950c9e6ea8c5adc0a2b1b490944fecdb272d92b4517236d0c83,OrbitResolved.EnvironmentTableSHA256,Generated environment resource,False
